[{"model": "accounts.useronboarding", "pk": 1, "fields": {"user": 41, "goal": "Horumarinta xirfadaha", "learning_approach": "Waxbarasho shaqsiyeed", "topic": "Xisaab", "math_level": "Bilowga", "minutes_per_day": 30, "preferred_study_time": "flexible", "has_completed_onboarding": true, "created_at": "2025-05-29T11:15:25.016Z", "updated_at": "2025-05-29T11:15:25.016Z"}}, {"model": "accounts.useronboarding", "pk": 2, "fields": {"user": 42, "goal": "Horumarinta xirfadaha", "learning_approach": "Waxbarasho shaqsiyeed", "topic": "Xisaab", "math_level": "Bilowga", "minutes_per_day": 30, "preferred_study_time": "flexible", "has_completed_onboarding": true, "created_at": "2025-05-29T11:15:46.442Z", "updated_at": "2025-05-29T11:15:46.442Z"}}, {"model": "accounts.useronboarding", "pk": 3, "fields": {"user": 43, "goal": "Horumarinta xirfadaha", "learning_approach": "Waxbarasho shaqsiyeed", "topic": "Xisaab", "math_level": "Bilowga", "minutes_per_day": 30, "preferred_study_time": "flexible", "has_completed_onboarding": true, "created_at": "2025-05-29T12:26:28.010Z", "updated_at": "2025-05-29T12:26:28.010Z"}}, {"model": "accounts.useronboarding", "pk": 4, "fields": {"user": 44, "goal": "Horumarinta xirfadaha", "learning_approach": "Waxbarasho shaqsiyeed", "topic": "Xisaab", "math_level": "Bilowga", "minutes_per_day": 30, "preferred_study_time": "flexible", "has_completed_onboarding": true, "created_at": "2025-05-31T08:10:44.151Z", "updated_at": "2025-05-31T08:10:44.151Z"}}, {"model": "accounts.useronboarding", "pk": 5, "fields": {"user": 45, "goal": "Horumarinta xirfadaha", "learning_approach": "Waxbarasho shaqsiyeed", "topic": "Xisaab", "math_level": "Bilowga", "minutes_per_day": 30, "preferred_study_time": "flexible", "has_completed_onboarding": true, "created_at": "2025-05-31T12:09:29.751Z", "updated_at": "2025-05-31T12:09:29.751Z"}}, {"model": "accounts.useronboarding", "pk": 6, "fields": {"user": 46, "goal": "Horumarinta xirfadaha", "learning_approach": "Waxbarasho shaqsiyeed", "topic": "Xisaab", "math_level": "Bilowga", "minutes_per_day": 30, "preferred_study_time": "flexible", "has_completed_onboarding": true, "created_at": "2025-05-31T12:19:23.846Z", "updated_at": "2025-05-31T12:19:23.846Z"}}, {"model": "accounts.useronboarding", "pk": 7, "fields": {"user": 48, "goal": "Horumarinta xirfadaha", "learning_approach": "Waxbarasho shaqsiyeed", "topic": "Xisaab", "math_level": "Bilowga", "minutes_per_day": 30, "preferred_study_time": "flexible", "has_completed_onboarding": true, "created_at": "2025-06-02T19:21:40.953Z", "updated_at": "2025-06-02T19:21:40.953Z"}}, {"model": "accounts.useronboarding", "pk": 8, "fields": {"user": 49, "goal": "Horumarinta xirfadaha", "learning_approach": "Waxbarasho shaqsiyeed", "topic": "Xisaab", "math_level": "Bilowga", "minutes_per_day": 30, "preferred_study_time": "flexible", "has_completed_onboarding": true, "created_at": "2025-06-03T01:08:41.705Z", "updated_at": "2025-06-03T01:08:41.705Z"}}, {"model": "accounts.useronboarding", "pk": 9, "fields": {"user": 50, "goal": "Horumarinta xirfadaha", "learning_approach": "Waxbarasho shaqsiyeed", "topic": "Xisaab", "math_level": "Bilowga", "minutes_per_day": 30, "preferred_study_time": "flexible", "has_completed_onboarding": true, "created_at": "2025-06-03T06:29:29.897Z", "updated_at": "2025-06-03T06:29:29.897Z"}}, {"model": "accounts.useronboarding", "pk": 10, "fields": {"user": 51, "goal": "Horumarinta xirfadaha", "learning_approach": "Waxbarasho shaqsiyeed", "topic": "Xisaab", "math_level": "Bilowga", "minutes_per_day": 30, "preferred_study_time": "flexible", "has_completed_onboarding": true, "created_at": "2025-06-03T06:56:44.403Z", "updated_at": "2025-06-03T06:56:44.403Z"}}, {"model": "accounts.useronboarding", "pk": 11, "fields": {"user": 52, "goal": "Horumarinta xirfadaha", "learning_approach": "Waxbarasho shaqsiyeed", "topic": "Xisaab", "math_level": "Bilowga", "minutes_per_day": 30, "preferred_study_time": "flexible", "has_completed_onboarding": true, "created_at": "2025-06-03T07:19:06.403Z", "updated_at": "2025-06-03T07:19:06.403Z"}}, {"model": "accounts.useronboarding", "pk": 12, "fields": {"user": 53, "goal": "Horumarinta xirfadaha", "learning_approach": "Waxbarasho shaqsiyeed", "topic": "Xisaab", "math_level": "Bilowga", "minutes_per_day": 30, "preferred_study_time": "flexible", "has_completed_onboarding": true, "created_at": "2025-06-03T07:40:13.904Z", "updated_at": "2025-06-03T07:40:13.904Z"}}, {"model": "accounts.useronboarding", "pk": 13, "fields": {"user": 54, "goal": "Horumarinta xirfadaha", "learning_approach": "Waxbarasho shaqsiyeed", "topic": "Xisaab", "math_level": "Bilowga", "minutes_per_day": 30, "preferred_study_time": "flexible", "has_completed_onboarding": true, "created_at": "2025-06-03T08:39:17.132Z", "updated_at": "2025-06-03T08:39:17.132Z"}}, {"model": "accounts.useronboarding", "pk": 14, "fields": {"user": 55, "goal": "Horumarinta xirfadaha", "learning_approach": "Waxbarasho shaqsiyeed", "topic": "Xisaab", "math_level": "Bilowga", "minutes_per_day": 30, "preferred_study_time": "flexible", "has_completed_onboarding": true, "created_at": "2025-06-03T08:55:42.520Z", "updated_at": "2025-06-03T08:55:42.520Z"}}, {"model": "accounts.useronboarding", "pk": 15, "fields": {"user": 56, "goal": "Horumarinta xirfadaha", "learning_approach": "Waxbarasho shaqsiyeed", "topic": "Xisaab", "math_level": "Bilowga", "minutes_per_day": 30, "preferred_study_time": "flexible", "has_completed_onboarding": true, "created_at": "2025-06-03T09:07:05.920Z", "updated_at": "2025-06-03T09:07:05.920Z"}}, {"model": "accounts.useronboarding", "pk": 16, "fields": {"user": 57, "goal": "Horumarinta xirfadaha", "learning_approach": "Waxbarasho shaqsiyeed", "topic": "Xisaab", "math_level": "Bilowga", "minutes_per_day": 30, "preferred_study_time": "flexible", "has_completed_onboarding": true, "created_at": "2025-06-03T09:09:25.917Z", "updated_at": "2025-06-03T09:09:25.917Z"}}, {"model": "accounts.useronboarding", "pk": 17, "fields": {"user": 58, "goal": "Horumarinta xirfadaha", "learning_approach": "Waxbarasho shaqsiyeed", "topic": "Xisaab", "math_level": "Bilowga", "minutes_per_day": 30, "preferred_study_time": "flexible", "has_completed_onboarding": true, "created_at": "2025-06-03T09:12:40.714Z", "updated_at": "2025-06-03T09:12:40.714Z"}}, {"model": "accounts.useronboarding", "pk": 18, "fields": {"user": 59, "goal": "Horumarinta xirfadaha", "learning_approach": "Waxbarasho shaqsiyeed", "topic": "Xisaab", "math_level": "Bilowga", "minutes_per_day": 30, "preferred_study_time": "flexible", "has_completed_onboarding": true, "created_at": "2025-06-03T09:14:50.609Z", "updated_at": "2025-06-03T09:14:50.609Z"}}, {"model": "accounts.useronboarding", "pk": 19, "fields": {"user": 61, "goal": "Horumarinta xirfadaha", "learning_approach": "Waxbarasho shaqsiyeed", "topic": "Xisaab", "math_level": "Bilowga", "minutes_per_day": 30, "preferred_study_time": "flexible", "has_completed_onboarding": true, "created_at": "2025-06-07T10:50:28.288Z", "updated_at": "2025-06-07T10:50:28.288Z"}}, {"model": "accounts.useronboarding", "pk": 20, "fields": {"user": 62, "goal": "Horumarinta xirfadaha", "learning_approach": "Waxbarasho shaqsiyeed", "topic": "Xisaab", "math_level": "Bilowga", "minutes_per_day": 30, "preferred_study_time": "flexible", "has_completed_onboarding": true, "created_at": "2025-06-08T06:40:41.542Z", "updated_at": "2025-06-08T06:40:41.542Z"}}, {"model": "accounts.useronboarding", "pk": 21, "fields": {"user": 65, "goal": "Horumarinta xirfadaha", "learning_approach": "Waxbarasho shaqsiyeed", "topic": "Xisaab", "math_level": "Bilowga", "minutes_per_day": 30, "preferred_study_time": "flexible", "has_completed_onboarding": true, "created_at": "2025-06-10T14:36:14.191Z", "updated_at": "2025-06-10T14:36:14.191Z"}}, {"model": "accounts.useronboarding", "pk": 22, "fields": {"user": 67, "goal": "Horumarinta xirfadaha", "learning_approach": "Waxbarasho shaqsiyeed", "topic": "Xisaab", "math_level": "Bilowga", "minutes_per_day": 30, "preferred_study_time": "flexible", "has_completed_onboarding": true, "created_at": "2025-06-12T05:17:18.760Z", "updated_at": "2025-06-12T05:17:18.760Z"}}, {"model": "accounts.useronboarding", "pk": 23, "fields": {"user": 68, "goal": "Horumarinta xirfadaha", "learning_approach": "Waxbarasho shaqsiyeed", "topic": "Xisaab", "math_level": "Bilowga", "minutes_per_day": 30, "preferred_study_time": "flexible", "has_completed_onboarding": true, "created_at": "2025-06-12T05:20:56.562Z", "updated_at": "2025-06-12T05:20:56.562Z"}}, {"model": "accounts.useronboarding", "pk": 24, "fields": {"user": 73, "goal": "Horumarinta xirfadaha", "learning_approach": "Waxbarasho shaqsiyeed", "topic": "Xisaab", "math_level": "Bilowga", "minutes_per_day": 30, "preferred_study_time": "flexible", "has_completed_onboarding": true, "created_at": "2025-06-14T08:13:30.788Z", "updated_at": "2025-06-14T08:13:30.788Z"}}, {"model": "accounts.useronboarding", "pk": 25, "fields": {"user": 74, "goal": "Horumarinta xirfadaha", "learning_approach": "Waxbarasho shaqsiyeed", "topic": "Xisaab", "math_level": "Bilowga", "minutes_per_day": 30, "preferred_study_time": "flexible", "has_completed_onboarding": true, "created_at": "2025-06-19T13:21:47.068Z", "updated_at": "2025-06-19T13:21:47.068Z"}}]