[{"model": "accounts.emailverification", "pk": 1, "fields": {"user": 41, "code": "597959", "created_at": "2025-05-29T11:17:08.977Z", "is_used": true}}, {"model": "accounts.emailverification", "pk": 2, "fields": {"user": 49, "code": "280851", "created_at": "2025-06-03T01:17:02.645Z", "is_used": true}}, {"model": "accounts.emailverification", "pk": 3, "fields": {"user": 61, "code": "270797", "created_at": "2025-06-07T10:51:19.214Z", "is_used": true}}, {"model": "accounts.emailverification", "pk": 4, "fields": {"user": 65, "code": "838024", "created_at": "2025-06-10T14:36:54.508Z", "is_used": true}}, {"model": "accounts.emailverification", "pk": 5, "fields": {"user": 68, "code": "915121", "created_at": "2025-06-12T05:21:00.867Z", "is_used": true}}, {"model": "accounts.emailverification", "pk": 6, "fields": {"user": 73, "code": "428625", "created_at": "2025-06-14T08:13:32.446Z", "is_used": true}}, {"model": "accounts.emailverification", "pk": 7, "fields": {"user": 74, "code": "872784", "created_at": "2025-06-19T13:21:49.785Z", "is_used": true}}]