[{"model": "accounts.user", "pk": 74, "fields": {"password": "pbkdf2_sha256$600000$1Hn782Dgxf4OzxKcxsHPeF$2QACFHPBtDurqopnYy2m/DtqM++3xifm1BHJIpDv5dg=", "last_login": null, "is_superuser": false, "username": "faaraxdeveloper", "first_name": "cali", "last_name": "ciise", "is_staff": false, "is_active": true, "date_joined": "2025-06-19T13:21:45.868Z", "email": "faaraxdeveloper@gmail.com", "is_premium": false, "created_at": "2025-06-19T13:21:46.996Z", "updated_at": "2025-06-19T13:22:17.175Z", "age": null, "is_email_verified": true, "subscription_start_date": null, "subscription_end_date": null, "subscription_type": null, "profile_picture": "", "bio": "", "groups": [], "user_permissions": []}}, {"model": "accounts.user", "pk": 73, "fields": {"password": "pbkdf2_sha256$600000$RCyB9gcL7Kp6xx9CGZjD43$MSlKovzRQAgigRimK/riPQ4cmVwuMxKGk/v4niM1Q3w=", "last_login": null, "is_superuser": false, "username": "Cabdi", "first_name": "Cabdi", "last_name": "", "is_staff": false, "is_active": true, "date_joined": "2025-06-14T08:13:29.526Z", "email": "maanc143@gmail.com", "is_premium": true, "created_at": "2025-06-14T08:13:30.701Z", "updated_at": "2025-06-14T08:13:48.198Z", "age": null, "is_email_verified": true, "subscription_start_date": null, "subscription_end_date": null, "subscription_type": null, "profile_picture": "", "bio": "", "groups": [], "user_permissions": []}}, {"model": "accounts.user", "pk": 69, "fields": {"password": "pbkdf2_sha256$600000$j4CO4JIfEL1hR4w6P2bx7O$TwoYSRYjkahd/wMi8E2nwsV2kAhWYIWt9qvAU8CiwzE=", "last_login": null, "is_superuser": true, "username": "testuser", "first_name": "", "last_name": "", "is_staff": true, "is_active": true, "date_joined": "2025-06-12T11:35:43.802Z", "email": "test@example.com", "is_premium": false, "created_at": "2025-06-12T11:35:44.100Z", "updated_at": "2025-06-12T11:35:44.100Z", "age": null, "is_email_verified": false, "subscription_start_date": null, "subscription_end_date": null, "subscription_type": null, "profile_picture": "", "bio": "", "groups": [], "user_permissions": []}}, {"model": "accounts.user", "pk": 68, "fields": {"password": "pbkdf2_sha256$600000$lazJ034kcY3URscmtUhFNk$WD9wfJ1XNFRKQp4JEU7MXEcrTLzX9k43jlEAbwutZn8=", "last_login": null, "is_superuser": false, "username": "fartuun", "first_name": "fartuun", "last_name": "", "is_staff": false, "is_active": true, "date_joined": "2025-06-12T05:20:55.200Z", "email": "tunaict@gmail.com", "is_premium": false, "created_at": "2025-06-12T05:20:56.497Z", "updated_at": "2025-06-12T05:22:02.696Z", "age": null, "is_email_verified": true, "subscription_start_date": null, "subscription_end_date": null, "subscription_type": null, "profile_picture": "", "bio": "", "groups": [], "user_permissions": []}}, {"model": "accounts.user", "pk": 67, "fields": {"password": "pbkdf2_sha256$600000$dAzVeHlKYAbHiDJvoWvT7W$x6Wi2a4LItW+CS2pkcWt0mMtcm4TrhNWHVgRQVGKHYU=", "last_login": null, "is_superuser": false, "username": "Fartun1", "first_name": "Fartun", "last_name": "", "is_staff": false, "is_active": true, "date_joined": "2025-06-12T05:17:17.652Z", "email": "fartaabdilkadirmo@gmail.com", "is_premium": false, "created_at": "2025-06-12T05:17:18.694Z", "updated_at": "2025-06-12T05:17:18.694Z", "age": null, "is_email_verified": false, "subscription_start_date": null, "subscription_end_date": null, "subscription_type": null, "profile_picture": "", "bio": "", "groups": [], "user_permissions": []}}, {"model": "accounts.user", "pk": 65, "fields": {"password": "pbkdf2_sha256$600000$LrexdoI3tJmGiggWeuYZrL$CuyhM5pHv+ROGFTFj0izt3Ly5iRjnVdYIQ6o2vVM+AY=", "last_login": null, "is_superuser": false, "username": "sherif.abdala", "first_name": "SHERIF", "last_name": "ABDALA", "is_staff": false, "is_active": true, "date_joined": "2025-06-10T14:36:12.835Z", "email": "sherif.abdala@gmail.com", "is_premium": false, "created_at": "2025-06-10T14:36:14.121Z", "updated_at": "2025-06-10T14:37:15.471Z", "age": null, "is_email_verified": true, "subscription_start_date": null, "subscription_end_date": null, "subscription_type": null, "profile_picture": "", "bio": "", "groups": [], "user_permissions": []}}, {"model": "accounts.user", "pk": 62, "fields": {"password": "pbkdf2_sha256$600000$pec1ZUrmC2EMejbI2Cp7Wz$g8ZvA82ZEkb5FcSTo+SrMGqKfVDQN+aSdBSpdSBkwkM=", "last_login": null, "is_superuser": false, "username": "cawil", "first_name": "cawil", "last_name": "", "is_staff": false, "is_active": true, "date_joined": "2025-06-08T06:40:40.410Z", "email": "cawilcalisanii1@gmail.com", "is_premium": false, "created_at": "2025-06-08T06:40:41.465Z", "updated_at": "2025-06-08T06:40:41.465Z", "age": null, "is_email_verified": false, "subscription_start_date": null, "subscription_end_date": null, "subscription_type": null, "profile_picture": "", "bio": "", "groups": [], "user_permissions": []}}, {"model": "accounts.user", "pk": 61, "fields": {"password": "pbkdf2_sha256$600000$din3nb47gD7XnuZpzao0dL$Haaal0Zl5um4WlsiqBncxsV16GzGc2sgFiOdsqwtTIo=", "last_login": null, "is_superuser": false, "username": "Amir", "first_name": "Amir", "last_name": "", "is_staff": false, "is_active": true, "date_joined": "2025-06-07T10:50:26.791Z", "email": "amircoder0@gmail.com", "is_premium": false, "created_at": "2025-06-07T10:50:28.214Z", "updated_at": "2025-06-07T10:52:04.422Z", "age": null, "is_email_verified": true, "subscription_start_date": null, "subscription_end_date": null, "subscription_type": null, "profile_picture": "", "bio": "", "groups": [], "user_permissions": []}}, {"model": "accounts.user", "pk": 59, "fields": {"password": "pbkdf2_sha256$600000$f29cnpCLCqA9OwR3mTFCk6$voM++DifWXKuFPOT/sqI814vCKr07bqpaeMCJ+rnZM0=", "last_login": null, "is_superuser": false, "username": "Fartun", "first_name": "Fartun", "last_name": "", "is_staff": false, "is_active": true, "date_joined": "2025-06-03T09:14:49.335Z", "email": "fartuunabdilkadirmoha@gmail.com", "is_premium": false, "created_at": "2025-06-03T09:14:50.540Z", "updated_at": "2025-06-03T09:14:50.540Z", "age": null, "is_email_verified": false, "subscription_start_date": null, "subscription_end_date": null, "subscription_type": null, "profile_picture": "", "bio": "", "groups": [], "user_permissions": []}}, {"model": "accounts.user", "pk": 58, "fields": {"password": "pbkdf2_sha256$600000$pZSdkmQOhmvtKo0fssVmZ4$GDfDQ5Fig9tCawtoyBTrlihwBMYdPce0Wi6ouNfk/tA=", "last_login": null, "is_superuser": false, "username": "Fartuun", "first_name": "Fartuun", "last_name": "", "is_staff": false, "is_active": true, "date_joined": "2025-06-03T09:12:39.148Z", "email": "fartaabdilkadir@gmail.com", "is_premium": false, "created_at": "2025-06-03T09:12:40.649Z", "updated_at": "2025-06-03T09:12:40.649Z", "age": null, "is_email_verified": false, "subscription_start_date": null, "subscription_end_date": null, "subscription_type": null, "profile_picture": "", "bio": "", "groups": [], "user_permissions": []}}, {"model": "accounts.user", "pk": 57, "fields": {"password": "pbkdf2_sha256$600000$uu6VWI4O2FOOYidrLGdtC7$40MG5H++xZzcQQwKrKzz5+TLN1/GiBW1HVf8xzAMH+E=", "last_login": null, "is_superuser": false, "username": "Rooble1", "first_name": "Rooble", "last_name": "", "is_staff": false, "is_active": true, "date_joined": "2025-06-03T09:09:24.336Z", "email": "roobleahmed@gmail.com", "is_premium": false, "created_at": "2025-06-03T09:09:25.850Z", "updated_at": "2025-06-03T09:09:25.850Z", "age": null, "is_email_verified": false, "subscription_start_date": null, "subscription_end_date": null, "subscription_type": null, "profile_picture": "", "bio": "", "groups": [], "user_permissions": []}}, {"model": "accounts.user", "pk": 56, "fields": {"password": "pbkdf2_sha256$600000$XTf5ZD81weAu9duELrCXbh$3au30KbMkxgykeBzd9eBQo8Yk0WzvGNOQHZnGUP45U0=", "last_login": null, "is_superuser": false, "username": "roobleali", "first_name": "Rooble", "last_name": "Ali", "is_staff": false, "is_active": true, "date_joined": "2025-06-03T09:07:04.830Z", "email": "roobleali@gmail.com", "is_premium": false, "created_at": "2025-06-03T09:07:05.853Z", "updated_at": "2025-06-03T09:07:05.853Z", "age": null, "is_email_verified": false, "subscription_start_date": null, "subscription_end_date": null, "subscription_type": null, "profile_picture": "", "bio": "", "groups": [], "user_permissions": []}}, {"model": "accounts.user", "pk": 55, "fields": {"password": "pbkdf2_sha256$600000$u3HBn7ddrrS76QJRq32QHK$2BCj1yewdNy/6tTZAKRlHXWPdtthA2uGrgFtBJQ19+0=", "last_login": null, "is_superuser": false, "username": "Tuunaa", "first_name": "Tuunaa", "last_name": "", "is_staff": false, "is_active": true, "date_joined": "2025-06-03T08:55:41.401Z", "email": "tuunaa@gmail.com", "is_premium": false, "created_at": "2025-06-03T08:55:42.451Z", "updated_at": "2025-06-03T08:55:42.451Z", "age": null, "is_email_verified": false, "subscription_start_date": null, "subscription_end_date": null, "subscription_type": null, "profile_picture": "", "bio": "", "groups": [], "user_permissions": []}}, {"model": "accounts.user", "pk": 54, "fields": {"password": "pbkdf2_sha256$600000$ukAZndbeeSpqipCnfx1Qt4$9c/RwVS3CHlWvLzvwK9JlSNh7i3RmoNAd0SiXP6AbMw=", "last_login": null, "is_superuser": false, "username": "Rooble", "first_name": "Rooble", "last_name": "", "is_staff": false, "is_active": true, "date_joined": "2025-06-03T08:39:15.623Z", "email": "rooble@gmail.com", "is_premium": false, "created_at": "2025-06-03T08:39:17.055Z", "updated_at": "2025-06-03T08:39:17.055Z", "age": null, "is_email_verified": false, "subscription_start_date": null, "subscription_end_date": null, "subscription_type": null, "profile_picture": "", "bio": "", "groups": [], "user_permissions": []}}, {"model": "accounts.user", "pk": 53, "fields": {"password": "pbkdf2_sha256$600000$FSZ5y5xgN4cmpeC2K5Nt1h$Kwslr2tYz3wFgofg3J8j5um/EKMVL4pNy0IrHo9UymA=", "last_login": null, "is_superuser": false, "username": "Batuulo", "first_name": "Batuulo", "last_name": "", "is_staff": false, "is_active": true, "date_joined": "2025-06-03T07:40:12.646Z", "email": "batulo@gmail.com", "is_premium": false, "created_at": "2025-06-03T07:40:13.834Z", "updated_at": "2025-06-03T07:40:13.834Z", "age": null, "is_email_verified": false, "subscription_start_date": null, "subscription_end_date": null, "subscription_type": null, "profile_picture": "", "bio": "", "groups": [], "user_permissions": []}}, {"model": "accounts.user", "pk": 52, "fields": {"password": "pbkdf2_sha256$600000$jl1u2xOy4cQv9WYPrHnR4U$v3zosjR0CxtEMNStBr40vbLVhP+QZm1/T2PslgYQvMU=", "last_login": null, "is_superuser": false, "username": "Hassan", "first_name": "Hassan", "last_name": "", "is_staff": false, "is_active": true, "date_joined": "2025-06-03T07:19:04.640Z", "email": "hasaan@gmail.com", "is_premium": false, "created_at": "2025-06-03T07:19:06.330Z", "updated_at": "2025-06-03T07:19:06.330Z", "age": null, "is_email_verified": false, "subscription_start_date": null, "subscription_end_date": null, "subscription_type": null, "profile_picture": "", "bio": "", "groups": [], "user_permissions": []}}, {"model": "accounts.user", "pk": 51, "fields": {"password": "pbkdf2_sha256$600000$w5X7OunPIStosfWGiAyRhO$MTE/WKgyxItxp9jCK5Le0C4MuzVMZJFt5+DtNzuSV1c=", "last_login": null, "is_superuser": false, "username": "Moha", "first_name": "Moha", "last_name": "", "is_staff": false, "is_active": true, "date_joined": "2025-06-03T06:56:43.026Z", "email": "moha@gmail.com", "is_premium": false, "created_at": "2025-06-03T06:56:44.334Z", "updated_at": "2025-06-03T06:56:44.334Z", "age": null, "is_email_verified": false, "subscription_start_date": null, "subscription_end_date": null, "subscription_type": null, "profile_picture": "", "bio": "", "groups": [], "user_permissions": []}}, {"model": "accounts.user", "pk": 50, "fields": {"password": "pbkdf2_sha256$600000$5iteC9sD5YztpuImGg6rB8$zzYEjCue+fvno8/JOWhALkVXgFa2NATDX/6+Uj/W7BU=", "last_login": null, "is_superuser": false, "username": "Hawa", "first_name": "Hawa", "last_name": "", "is_staff": false, "is_active": true, "date_joined": "2025-06-03T06:29:28.350Z", "email": "hawa@gmail.com", "is_premium": false, "created_at": "2025-06-03T06:29:29.825Z", "updated_at": "2025-06-03T06:29:29.825Z", "age": null, "is_email_verified": false, "subscription_start_date": null, "subscription_end_date": null, "subscription_type": null, "profile_picture": "", "bio": "", "groups": [], "user_permissions": []}}, {"model": "accounts.user", "pk": 49, "fields": {"password": "pbkdf2_sha256$600000$qmxGIGm2GPb2AmWcNL3fKJ$k2NQIhuJye9+1fUW9X7ZkY/srs4A9FWwYAHO2CSnTi4=", "last_login": null, "is_superuser": false, "username": "test", "first_name": "test", "last_name": "", "is_staff": false, "is_active": true, "date_joined": "2025-06-03T01:08:40.263Z", "email": "takursiin253@gmail.com", "is_premium": false, "created_at": "2025-06-03T01:08:41.637Z", "updated_at": "2025-06-03T01:17:19.575Z", "age": null, "is_email_verified": true, "subscription_start_date": null, "subscription_end_date": null, "subscription_type": null, "profile_picture": "", "bio": "", "groups": [], "user_permissions": []}}, {"model": "accounts.user", "pk": 48, "fields": {"password": "pbkdf2_sha256$600000$PQWSB7kcwXZbDI6IryzWRt$mnHQBI6nAoPJUaH2XG2Eyv+X1F7cM+043rpSu1CCdVM=", "last_login": null, "is_superuser": false, "username": "aboody", "first_name": "aboody", "last_name": "", "is_staff": false, "is_active": true, "date_joined": "2025-06-02T19:21:39.788Z", "email": "aboodyfor2024@gmail.com", "is_premium": false, "created_at": "2025-06-02T19:21:40.882Z", "updated_at": "2025-06-02T19:21:40.882Z", "age": null, "is_email_verified": false, "subscription_start_date": null, "subscription_end_date": null, "subscription_type": null, "profile_picture": "", "bio": "", "groups": [], "user_permissions": []}}, {"model": "accounts.user", "pk": 47, "fields": {"password": "pbkdf2_sha256$600000$VNAeXKujKo0IU6ZYlZ6ttC$PFgT+Vx/gPAX3Ti/YaEfEyi6Nf4gpkbgVsw8MfOb2YQ=", "last_login": null, "is_superuser": false, "username": "admin", "first_name": "", "last_name": "", "is_staff": true, "is_active": true, "date_joined": "2025-06-01T13:36:11.836Z", "email": "admin@garaad.com", "is_premium": false, "created_at": "2025-06-01T13:36:12.136Z", "updated_at": "2025-06-01T13:36:12.136Z", "age": null, "is_email_verified": false, "subscription_start_date": null, "subscription_end_date": null, "subscription_type": null, "profile_picture": "", "bio": "", "groups": [], "user_permissions": []}}, {"model": "accounts.user", "pk": 46, "fields": {"password": "pbkdf2_sha256$600000$uHy8E1dOTOmA5fDhuY6hBK$xAdYbvCGbQHJjf7FwS/O4YIo6U+3SVa6ZTGKdrm9xlA=", "last_login": null, "is_superuser": false, "username": "Halima", "first_name": "Halima", "last_name": "", "is_staff": false, "is_active": true, "date_joined": "2025-05-31T12:19:22.323Z", "email": "halima@gmail.com", "is_premium": false, "created_at": "2025-05-31T12:19:23.779Z", "updated_at": "2025-05-31T12:19:23.779Z", "age": null, "is_email_verified": false, "subscription_start_date": null, "subscription_end_date": null, "subscription_type": null, "profile_picture": "", "bio": "", "groups": [], "user_permissions": []}}, {"model": "accounts.user", "pk": 45, "fields": {"password": "pbkdf2_sha256$600000$ffwBuWEOt38VB5CUR76T2w$nSWtdflK+zlUX70/1EFuGmCSCt1jaKBf1mzXXhajapE=", "last_login": null, "is_superuser": false, "username": "Sabiriin", "first_name": "Sabiriin", "last_name": "", "is_staff": false, "is_active": true, "date_joined": "2025-05-31T12:09:28.189Z", "email": "saba@gmail.com", "is_premium": false, "created_at": "2025-05-31T12:09:29.683Z", "updated_at": "2025-05-31T12:09:29.683Z", "age": null, "is_email_verified": false, "subscription_start_date": null, "subscription_end_date": null, "subscription_type": null, "profile_picture": "", "bio": "", "groups": [], "user_permissions": []}}, {"model": "accounts.user", "pk": 44, "fields": {"password": "pbkdf2_sha256$600000$ZxuIr4ts3jCnxkDHsrqPnx$o7CzhzjKOpisBpPirA3vg5xoqW2Z4bDV3q4WvvxM55o=", "last_login": null, "is_superuser": false, "username": "Fardoso", "first_name": "Fardoso", "last_name": "", "is_staff": false, "is_active": true, "date_joined": "2025-05-31T08:10:42.771Z", "email": "fard@gmail.com", "is_premium": false, "created_at": "2025-05-31T08:10:44.081Z", "updated_at": "2025-05-31T08:10:44.081Z", "age": null, "is_email_verified": false, "subscription_start_date": null, "subscription_end_date": null, "subscription_type": null, "profile_picture": "", "bio": "", "groups": [], "user_permissions": []}}, {"model": "accounts.user", "pk": 43, "fields": {"password": "pbkdf2_sha256$600000$OH4TebrqyGEnObSqRhAi5y$ro5v0wWqm3rryL2v98jvSZDcwA375uFCS6jFExhKKT0=", "last_login": null, "is_superuser": false, "username": "Hasan", "first_name": "Hasan", "last_name": "", "is_staff": false, "is_active": true, "date_joined": "2025-05-29T12:26:26.312Z", "email": "hasan@gmail.com", "is_premium": false, "created_at": "2025-05-29T12:26:27.942Z", "updated_at": "2025-05-29T12:26:27.942Z", "age": null, "is_email_verified": false, "subscription_start_date": null, "subscription_end_date": null, "subscription_type": null, "profile_picture": "", "bio": "", "groups": [], "user_permissions": []}}, {"model": "accounts.user", "pk": 42, "fields": {"password": "pbkdf2_sha256$600000$gc6CmhHvQOrm7O7EAOiKWk$6oof10kMVYOK7L5T2ric+YJ2mvjxFArGAZBN6eJGOGY=", "last_login": null, "is_superuser": false, "username": "abdullahi", "first_name": "abdullahi", "last_name": "", "is_staff": false, "is_active": true, "date_joined": "2025-05-29T11:15:44.980Z", "email": "abdullahikawte2019@gmail.com", "is_premium": false, "created_at": "2025-05-29T11:15:46.356Z", "updated_at": "2025-05-29T11:15:46.356Z", "age": null, "is_email_verified": false, "subscription_start_date": null, "subscription_end_date": null, "subscription_type": null, "profile_picture": "", "bio": "", "groups": [], "user_permissions": []}}, {"model": "accounts.user", "pk": 41, "fields": {"password": "pbkdf2_sha256$600000$IitIEf28YZh3M4rqJt61wk$iyjen289IjQThei7BLzy/GiXQFcoiuLG8ROvGpNE828=", "last_login": null, "is_superuser": true, "username": "abdishakuuralimohamed", "first_name": "abdishakuur", "last_name": "ali mohamed", "is_staff": false, "is_active": true, "date_joined": "2025-05-29T11:15:23.203Z", "email": "abdishakuuralimohamed@gmail.com", "is_premium": true, "created_at": "2025-05-29T11:15:24.947Z", "updated_at": "2025-06-13T09:58:44.069Z", "age": null, "is_email_verified": true, "subscription_start_date": null, "subscription_end_date": null, "subscription_type": null, "profile_picture": "", "bio": "", "groups": [], "user_permissions": []}}]