[
    {
        "model": "api.notification",
        "pk": 47,
        "fields": {
            "user": 41,
            "type": "energy",
            "title": "Energy Used",
            "message": "Tamar ayaa la isticmaalay. Waxaad haysataa 1 tamar ah.",
            "data": {
                "remaining_energy": 1
            },
            "is_read": false,
            "created_at": "2025-06-19T22:44:00.093Z"
        }
    },
    {
        "model": "api.notification",
        "pk": 46,
        "fields": {
            "user": 41,
            "type": "energy",
            "title": "Energy Used",
            "message": "Tamar ayaa la isticmaalay. Waxaad haysataa 2 tamar ah.",
            "data": {
                "remaining_energy": 2
            },
            "is_read": false,
            "created_at": "2025-06-19T19:29:14.195Z"
        }
    },
    {
        "model": "api.notification",
        "pk": 45,
        "fields": {
            "user": 41,
            "type": "reminder",
            "title": "Come Back!",
            "message": "Maanta waa maalin wanaagsan oo aad ku baran karto!",
            "data": {
                "action": "continue_learning"
            },
            "is_read": false,
            "created_at": "2025-06-19T11:47:06.051Z"
        }
    },
    {
        "model": "api.notification",
        "pk": 44,
        "fields": {
            "user": 41,
            "type": "streak",
            "title": "Streak Reset",
            "message": "Xariggaaga waa la cusboonaysiiyay. Aan kuu sameyno mid cusub!",
            "data": {
                "xp_earned": 20,
                "streak_days": 1
            },
            "is_read": false,
            "created_at": "2025-06-19T11:47:05.983Z"
        }
    },
    {
        "model": "api.notification",
        "pk": 43,
        "fields": {
            "user": 41,
            "type": "energy",
            "title": "Energy Used",
            "message": "Tamar ayaa la isticmaalay. Waxaad haysataa 2 tamar ah.",
            "data": {
                "remaining_energy": 2
            },
            "is_read": false,
            "created_at": "2025-06-19T11:47:05.433Z"
        }
    },
    {
        "model": "api.notification",
        "pk": 42,
        "fields": {
            "user": 41,
            "type": "energy",
            "title": "Energy Used",
            "message": "Tamar ayaa la isticmaalay. Waxaad haysataa 0 tamar ah.",
            "data": {
                "remaining_energy": 0
            },
            "is_read": false,
            "created_at": "2025-06-17T18:48:06.733Z"
        }
    },
    {
        "model": "api.notification",
        "pk": 41,
        "fields": {
            "user": 41,
            "type": "energy",
            "title": "Energy Used",
            "message": "Tamar ayaa la isticmaalay. Waxaad haysataa 0 tamar ah.",
            "data": {
                "remaining_energy": 0
            },
            "is_read": false,
            "created_at": "2025-06-17T13:47:45.932Z"
        }
    },
    {
        "model": "api.notification",
        "pk": 40,
        "fields": {
            "user": 41,
            "type": "energy",
            "title": "Energy Used",
            "message": "Tamar ayaa la isticmaalay. Waxaad haysataa 1 tamar ah.",
            "data": {
                "remaining_energy": 1
            },
            "is_read": false,
            "created_at": "2025-06-17T12:05:39.748Z"
        }
    },
    {
        "model": "api.notification",
        "pk": 39,
        "fields": {
            "user": 41,
            "type": "reminder",
            "title": "Weekly Goal!",
            "message": "Waxaad horey u qaadatay 6 MAALIN! Aan kuu sameyno 7aad!",
            "data": {
                "action": "weekly_goal"
            },
            "is_read": false,
            "created_at": "2025-06-17T12:01:52.664Z"
        }
    },
    {
        "model": "api.notification",
        "pk": 38,
        "fields": {
            "user": 41,
            "type": "energy",
            "title": "Energy Used",
            "message": "Tamar ayaa la isticmaalay. Waxaad haysataa 2 tamar ah.",
            "data": {
                "remaining_energy": 2
            },
            "is_read": false,
            "created_at": "2025-06-17T12:01:52.109Z"
        }
    },
    {
        "model": "api.notification",
        "pk": 37,
        "fields": {
            "user": 41,
            "type": "energy",
            "title": "Energy Used",
            "message": "Tamar ayaa la isticmaalay. Waxaad haysataa 0 tamar ah.",
            "data": {
                "remaining_energy": 0
            },
            "is_read": false,
            "created_at": "2025-06-16T11:18:41.407Z"
        }
    },
    {
        "model": "api.notification",
        "pk": 36,
        "fields": {
            "user": 41,
            "type": "energy",
            "title": "Energy Used",
            "message": "Tamar ayaa la isticmaalay. Waxaad haysataa 1 tamar ah.",
            "data": {
                "remaining_energy": 1
            },
            "is_read": false,
            "created_at": "2025-06-16T10:14:10.346Z"
        }
    },
    {
        "model": "api.notification",
        "pk": 35,
        "fields": {
            "user": 41,
            "type": "energy",
            "title": "Energy Used",
            "message": "Tamar ayaa la isticmaalay. Waxaad haysataa 2 tamar ah.",
            "data": {
                "remaining_energy": 2
            },
            "is_read": false,
            "created_at": "2025-06-16T08:34:40.844Z"
        }
    },
    {
        "model": "api.notification",
        "pk": 34,
        "fields": {
            "user": 41,
            "type": "energy",
            "title": "Energy Used",
            "message": "Tamar ayaa la isticmaalay. Waxaad haysataa 2 tamar ah.",
            "data": {
                "remaining_energy": 2
            },
            "is_read": false,
            "created_at": "2025-06-15T21:45:57.659Z"
        }
    },
    {
        "model": "api.notification",
        "pk": 33,
        "fields": {
            "user": 41,
            "type": "energy",
            "title": "Energy Used",
            "message": "Tamar ayaa la isticmaalay. Waxaad haysataa 2 tamar ah.",
            "data": {
                "remaining_energy": 2
            },
            "is_read": false,
            "created_at": "2025-06-15T13:45:54.817Z"
        }
    },
    {
        "model": "api.notification",
        "pk": 32,
        "fields": {
            "user": 41,
            "type": "energy",
            "title": "Energy Used",
            "message": "Tamar ayaa la isticmaalay. Waxaad haysataa 2 tamar ah.",
            "data": {
                "remaining_energy": 2
            },
            "is_read": false,
            "created_at": "2025-06-15T05:44:06.255Z"
        }
    },
    {
        "model": "api.notification",
        "pk": 31,
        "fields": {
            "user": 41,
            "type": "energy",
            "title": "Energy Used",
            "message": "Tamar ayaa la isticmaalay. Waxaad haysataa 2 tamar ah.",
            "data": {
                "remaining_energy": 2
            },
            "is_read": false,
            "created_at": "2025-06-14T14:03:35.500Z"
        }
    },
    {
        "model": "api.notification",
        "pk": 30,
        "fields": {
            "user": 73,
            "type": "achievement",
            "title": "First Lesson Completed!",
            "message": "Waad ku mahadsantahay dhammaystirka casharka ugu horeysa!",
            "data": {
                "problems_solved": 6
            },
            "is_read": false,
            "created_at": "2025-06-14T08:26:08.790Z"
        }
    },
    {
        "model": "api.notification",
        "pk": 29,
        "fields": {
            "user": 73,
            "type": "achievement",
            "title": "First Problem Solved!",
            "message": "Waad ku mahadsantahay xallinta su'aasha ugu horeysa!",
            "data": {
                "problems_solved": 6
            },
            "is_read": false,
            "created_at": "2025-06-14T08:26:08.100Z"
        }
    },
    {
        "model": "api.notification",
        "pk": 28,
        "fields": {
            "user": 73,
            "type": "streak",
            "title": "First Streak!",
            "message": "Waad ku mahadsantahay bilowga xariggaaga!",
            "data": {
                "xp_earned": 20,
                "streak_days": 1
            },
            "is_read": false,
            "created_at": "2025-06-14T08:26:08.031Z"
        }
    },
    {
        "model": "api.notification",
        "pk": 27,
        "fields": {
            "user": 73,
            "type": "energy",
            "title": "Energy Used",
            "message": "Tamar ayaa la isticmaalay. Waxaad haysataa 2 tamar ah.",
            "data": {
                "remaining_energy": 2
            },
            "is_read": false,
            "created_at": "2025-06-14T08:26:07.475Z"
        }
    },
    {
        "model": "api.notification",
        "pk": 26,
        "fields": {
            "user": 41,
            "type": "reminder",
            "title": "Xasuuso Premium-kaaga",
            "message": "Premium-kaaga wuu dhacay. Dib u noqo si aad u hesho dhammaan awoodaha.",
            "data": {
                "premium_status": false,
                "subscription_type": null,
                "subscription_end_date": null
            },
            "is_read": false,
            "created_at": "2025-06-13T09:58:44.197Z"
        }
    },
    {
        "model": "api.notification",
        "pk": 25,
        "fields": {
            "user": 41,
            "type": "achievement",
            "title": "Hambalyo! Waad noqotay Premium",
            "message": "Waad ku mahadsantahay inaad noqoto Premium! Waxaad hadda heli doontaa dhammaan awoodaha.",
            "data": {
                "premium_status": true,
                "subscription_type": "lifetime",
                "subscription_end_date": null
            },
            "is_read": false,
            "created_at": "2025-06-13T09:58:37.387Z"
        }
    },
    {
        "model": "api.notification",
        "pk": 24,
        "fields": {
            "user": 41,
            "type": "achievement",
            "title": "Hambalyo! Waad noqotay Premium",
            "message": "Waad ku mahadsantahay inaad noqoto Premium! Waxaad hadda heli doontaa dhammaan awoodaha.",
            "data": {
                "premium_status": true,
                "subscription_type": "yearly",
                "subscription_end_date": "2025-06-13T00:00:00+00:00"
            },
            "is_read": false,
            "created_at": "2025-06-13T09:58:30.219Z"
        }
    },
    {
        "model": "api.notification",
        "pk": 23,
        "fields": {
            "user": 41,
            "type": "achievement",
            "title": "Hambalyo! Waad noqotay Premium",
            "message": "Waad ku mahadsantahay inaad noqoto Premium! Waxaad hadda heli doontaa dhammaan awoodaha.",
            "data": {
                "premium_status": true,
                "subscription_type": "monthly",
                "subscription_end_date": "2024-07-13T00:00:00+00:00"
            },
            "is_read": false,
            "created_at": "2025-06-13T09:07:51.672Z"
        }
    },
    {
        "model": "api.notification",
        "pk": 22,
        "fields": {
            "user": 41,
            "type": "reminder",
            "title": "Keep Going!",
            "message": "Waxaad horey u qaadatay 2 MAALIN! Aan kuu sameyno 3aad!",
            "data": {
                "action": "maintain_streak"
            },
            "is_read": false,
            "created_at": "2025-06-13T08:21:25.043Z"
        }
    },
    {
        "model": "api.notification",
        "pk": 21,
        "fields": {
            "user": 41,
            "type": "energy",
            "title": "Energy Used",
            "message": "Tamar ayaa la isticmaalay. Waxaad haysataa 2 tamar ah.",
            "data": {
                "remaining_energy": 2
            },
            "is_read": false,
            "created_at": "2025-06-13T08:21:24.468Z"
        }
    },
    {
        "model": "api.notification",
        "pk": 20,
        "fields": {
            "user": 41,
            "type": "achievement",
            "title": "First Lesson Completed!",
            "message": "Waad ku mahadsantahay dhammaystirka casharka ugu horeysa!",
            "data": {
                "problems_solved": 8
            },
            "is_read": false,
            "created_at": "2025-06-12T14:09:05.873Z"
        }
    },
    {
        "model": "api.notification",
        "pk": 19,
        "fields": {
            "user": 41,
            "type": "energy",
            "title": "Energy Used",
            "message": "Tamar ayaa la isticmaalay. Waxaad haysataa 0 tamar ah.",
            "data": {
                "remaining_energy": 0
            },
            "is_read": false,
            "created_at": "2025-06-12T14:09:05.126Z"
        }
    },
    {
        "model": "api.notification",
        "pk": 18,
        "fields": {
            "user": 41,
            "type": "achievement",
            "title": "First Lesson Completed!",
            "message": "Waad ku mahadsantahay dhammaystirka casharka ugu horeysa!",
            "data": {
                "problems_solved": 5
            },
            "is_read": false,
            "created_at": "2025-06-12T09:21:56.415Z"
        }
    },
    {
        "model": "api.notification",
        "pk": 17,
        "fields": {
            "user": 41,
            "type": "achievement",
            "title": "First Lesson Completed!",
            "message": "Waad ku mahadsantahay dhammaystirka casharka ugu horeysa!",
            "data": {
                "problems_solved": 6
            },
            "is_read": false,
            "created_at": "2025-06-12T09:20:41.420Z"
        }
    },
    {
        "model": "api.notification",
        "pk": 16,
        "fields": {
            "user": 41,
            "type": "energy",
            "title": "Energy Used",
            "message": "Tamar ayaa la isticmaalay. Waxaad haysataa 0 tamar ah.",
            "data": {
                "remaining_energy": 0
            },
            "is_read": false,
            "created_at": "2025-06-12T09:20:40.038Z"
        }
    },
    {
        "model": "api.notification",
        "pk": 15,
        "fields": {
            "user": 41,
            "type": "achievement",
            "title": "First Lesson Completed!",
            "message": "Waad ku mahadsantahay dhammaystirka casharka ugu horeysa!",
            "data": {
                "problems_solved": 6
            },
            "is_read": false,
            "created_at": "2025-06-12T09:03:50.260Z"
        }
    },
    {
        "model": "api.notification",
        "pk": 14,
        "fields": {
            "user": 41,
            "type": "energy",
            "title": "Energy Used",
            "message": "Tamar ayaa la isticmaalay. Waxaad haysataa 1 tamar ah.",
            "data": {
                "remaining_energy": 1
            },
            "is_read": false,
            "created_at": "2025-06-12T09:03:49.494Z"
        }
    },
    {
        "model": "api.notification",
        "pk": 13,
        "fields": {
            "user": 41,
            "type": "achievement",
            "title": "First Lesson Completed!",
            "message": "Waad ku mahadsantahay dhammaystirka casharka ugu horeysa!",
            "data": {
                "problems_solved": 6
            },
            "is_read": false,
            "created_at": "2025-06-12T09:02:43.792Z"
        }
    },
    {
        "model": "api.notification",
        "pk": 12,
        "fields": {
            "user": 41,
            "type": "achievement",
            "title": "First Problem Solved!",
            "message": "Waad ku mahadsantahay xallinta su'aasha ugu horeysa!",
            "data": {
                "problems_solved": 6
            },
            "is_read": false,
            "created_at": "2025-06-12T09:02:42.337Z"
        }
    },
    {
        "model": "api.notification",
        "pk": 11,
        "fields": {
            "user": 41,
            "type": "streak",
            "title": "First Streak!",
            "message": "Waad ku mahadsantahay bilowga xariggaaga!",
            "data": {
                "xp_earned": 20,
                "streak_days": 1
            },
            "is_read": false,
            "created_at": "2025-06-12T09:02:42.207Z"
        }
    },
    {
        "model": "api.notification",
        "pk": 10,
        "fields": {
            "user": 41,
            "type": "energy",
            "title": "Energy Used",
            "message": "Tamar ayaa la isticmaalay. Waxaad haysataa 2 tamar ah.",
            "data": {
                "remaining_energy": 2
            },
            "is_read": false,
            "created_at": "2025-06-12T09:02:41.171Z"
        }
    }
]