[{"model": "api.streak", "pk": 10, "fields": {"user": 42, "current_streak": 0, "max_streak": 0, "lessons_completed": 0, "problems_to_next_streak": 3, "current_energy": 3, "max_energy": 3, "last_activity_date": null, "last_energy_update": "2025-06-04T19:16:36.638Z", "xp": 0, "daily_xp": 0, "weekly_xp": 0, "monthly_xp": 0, "last_xp_reset": "2025-06-04", "last_weekly_reset": "2025-06-03", "last_monthly_reset": "2025-06-03"}}, {"model": "api.streak", "pk": 15, "fields": {"user": 49, "current_streak": 0, "max_streak": 0, "lessons_completed": 0, "problems_to_next_streak": 3, "current_energy": 3, "max_energy": 3, "last_activity_date": null, "last_energy_update": "2025-06-03T01:17:22.358Z", "xp": 0, "daily_xp": 0, "weekly_xp": 0, "monthly_xp": 0, "last_xp_reset": "2025-06-03", "last_weekly_reset": "2025-06-03", "last_monthly_reset": "2025-06-03"}}, {"model": "api.streak", "pk": 14, "fields": {"user": 48, "current_streak": 0, "max_streak": 0, "lessons_completed": 0, "problems_to_next_streak": 3, "current_energy": 3, "max_energy": 3, "last_activity_date": null, "last_energy_update": "2025-06-03T07:22:57.740Z", "xp": 0, "daily_xp": 0, "weekly_xp": 0, "monthly_xp": 0, "last_xp_reset": "2025-06-03", "last_weekly_reset": "2025-06-03", "last_monthly_reset": "2025-06-03"}}, {"model": "api.streak", "pk": 16, "fields": {"user": 61, "current_streak": 0, "max_streak": 0, "lessons_completed": 0, "problems_to_next_streak": 3, "current_energy": 3, "max_energy": 3, "last_activity_date": null, "last_energy_update": "2025-06-07T10:52:05.979Z", "xp": 0, "daily_xp": 0, "weekly_xp": 0, "monthly_xp": 0, "last_xp_reset": null, "last_weekly_reset": null, "last_monthly_reset": null}}, {"model": "api.streak", "pk": 21, "fields": {"user": 74, "current_streak": 0, "max_streak": 0, "lessons_completed": 0, "problems_to_next_streak": 3, "current_energy": 3, "max_energy": 3, "last_activity_date": null, "last_energy_update": "2025-06-19T13:22:19.042Z", "xp": 0, "daily_xp": 0, "weekly_xp": 0, "monthly_xp": 0, "last_xp_reset": null, "last_weekly_reset": null, "last_monthly_reset": null}}, {"model": "api.streak", "pk": 17, "fields": {"user": 62, "current_streak": 0, "max_streak": 0, "lessons_completed": 0, "problems_to_next_streak": 3, "current_energy": 3, "max_energy": 3, "last_activity_date": null, "last_energy_update": "2025-06-08T06:44:09.434Z", "xp": 0, "daily_xp": 0, "weekly_xp": 0, "monthly_xp": 0, "last_xp_reset": null, "last_weekly_reset": null, "last_monthly_reset": null}}, {"model": "api.streak", "pk": 18, "fields": {"user": 65, "current_streak": 0, "max_streak": 0, "lessons_completed": 0, "problems_to_next_streak": 3, "current_energy": 3, "max_energy": 3, "last_activity_date": null, "last_energy_update": "2025-06-13T10:37:16.815Z", "xp": 0, "daily_xp": 0, "weekly_xp": 0, "monthly_xp": 0, "last_xp_reset": null, "last_weekly_reset": null, "last_monthly_reset": null}}, {"model": "api.streak", "pk": 12, "fields": {"user": 44, "current_streak": 0, "max_streak": 0, "lessons_completed": 0, "problems_to_next_streak": 3, "current_energy": 3, "max_energy": 3, "last_activity_date": null, "last_energy_update": "2025-05-31T08:11:57.065Z", "xp": 0, "daily_xp": 0, "weekly_xp": 0, "monthly_xp": 0, "last_xp_reset": null, "last_weekly_reset": null, "last_monthly_reset": null}}, {"model": "api.streak", "pk": 13, "fields": {"user": 46, "current_streak": 0, "max_streak": 0, "lessons_completed": 0, "problems_to_next_streak": 3, "current_energy": 3, "max_energy": 3, "last_activity_date": null, "last_energy_update": "2025-05-31T12:19:55.715Z", "xp": 0, "daily_xp": 0, "weekly_xp": 0, "monthly_xp": 0, "last_xp_reset": null, "last_weekly_reset": null, "last_monthly_reset": null}}, {"model": "api.streak", "pk": 11, "fields": {"user": 41, "current_streak": 1, "max_streak": 6, "lessons_completed": 20, "problems_to_next_streak": 1, "current_energy": 3, "max_energy": 3, "last_activity_date": "2025-06-19", "last_energy_update": "2025-06-21T02:44:00.024Z", "xp": 440, "daily_xp": 50, "weekly_xp": 245, "monthly_xp": 440, "last_xp_reset": "2025-06-19", "last_weekly_reset": "2025-06-15", "last_monthly_reset": "2025-06-01"}}, {"model": "api.streak", "pk": 20, "fields": {"user": 73, "current_streak": 1, "max_streak": 1, "lessons_completed": 1, "problems_to_next_streak": 2, "current_energy": 2, "max_energy": 3, "last_activity_date": "2025-06-14", "last_energy_update": "2025-06-14T08:26:07.405Z", "xp": 40, "daily_xp": 40, "weekly_xp": 40, "monthly_xp": 40, "last_xp_reset": "2025-06-14", "last_weekly_reset": "2025-06-14", "last_monthly_reset": "2025-06-14"}}, {"model": "api.streak", "pk": 19, "fields": {"user": 68, "current_streak": 0, "max_streak": 0, "lessons_completed": 0, "problems_to_next_streak": 3, "current_energy": 3, "max_energy": 3, "last_activity_date": null, "last_energy_update": "2025-06-12T09:22:05.175Z", "xp": 0, "daily_xp": 0, "weekly_xp": 0, "monthly_xp": 0, "last_xp_reset": null, "last_weekly_reset": null, "last_monthly_reset": null}}]