[{"model": "api.dailyactivity", "pk": 117, "fields": {"user": 41, "date": "2025-06-21", "status": "none", "problems_solved": 0, "lesson_ids": []}}, {"model": "api.dailyactivity", "pk": 116, "fields": {"user": 41, "date": "2025-06-20", "status": "none", "problems_solved": 0, "lesson_ids": []}}, {"model": "api.dailyactivity", "pk": 108, "fields": {"user": 41, "date": "2025-06-19", "status": "partial", "problems_solved": 1, "lesson_ids": [46]}}, {"model": "api.dailyactivity", "pk": 115, "fields": {"user": 74, "date": "2025-06-19", "status": "none", "problems_solved": 0, "lesson_ids": []}}, {"model": "api.dailyactivity", "pk": 107, "fields": {"user": 41, "date": "2025-06-18", "status": "none", "problems_solved": 0, "lesson_ids": []}}, {"model": "api.dailyactivity", "pk": 114, "fields": {"user": 74, "date": "2025-06-18", "status": "none", "problems_solved": 0, "lesson_ids": []}}, {"model": "api.dailyactivity", "pk": 113, "fields": {"user": 74, "date": "2025-06-17", "status": "none", "problems_solved": 0, "lesson_ids": []}}, {"model": "api.dailyactivity", "pk": 106, "fields": {"user": 41, "date": "2025-06-17", "status": "complete", "problems_solved": 11, "lesson_ids": [49]}}, {"model": "api.dailyactivity", "pk": 112, "fields": {"user": 74, "date": "2025-06-16", "status": "none", "problems_solved": 0, "lesson_ids": []}}, {"model": "api.dailyactivity", "pk": 105, "fields": {"user": 41, "date": "2025-06-16", "status": "complete", "problems_solved": 5, "lesson_ids": [47]}}, {"model": "api.dailyactivity", "pk": 111, "fields": {"user": 74, "date": "2025-06-15", "status": "none", "problems_solved": 0, "lesson_ids": []}}, {"model": "api.dailyactivity", "pk": 104, "fields": {"user": 41, "date": "2025-06-15", "status": "complete", "problems_solved": 10, "lesson_ids": [42]}}, {"model": "api.dailyactivity", "pk": 103, "fields": {"user": 73, "date": "2025-06-14", "status": "complete", "problems_solved": 6, "lesson_ids": [31]}}, {"model": "api.dailyactivity", "pk": 110, "fields": {"user": 74, "date": "2025-06-14", "status": "none", "problems_solved": 0, "lesson_ids": []}}, {"model": "api.dailyactivity", "pk": 96, "fields": {"user": 41, "date": "2025-06-14", "status": "complete", "problems_solved": 3, "lesson_ids": [45]}}, {"model": "api.dailyactivity", "pk": 109, "fields": {"user": 74, "date": "2025-06-13", "status": "none", "problems_solved": 0, "lesson_ids": []}}, {"model": "api.dailyactivity", "pk": 95, "fields": {"user": 65, "date": "2025-06-13", "status": "none", "problems_solved": 0, "lesson_ids": []}}, {"model": "api.dailyactivity", "pk": 102, "fields": {"user": 73, "date": "2025-06-13", "status": "none", "problems_solved": 0, "lesson_ids": []}}, {"model": "api.dailyactivity", "pk": 92, "fields": {"user": 41, "date": "2025-06-13", "status": "complete", "problems_solved": 5, "lesson_ids": [34]}}, {"model": "api.dailyactivity", "pk": 94, "fields": {"user": 65, "date": "2025-06-12", "status": "none", "problems_solved": 0, "lesson_ids": []}}, {"model": "api.dailyactivity", "pk": 91, "fields": {"user": 68, "date": "2025-06-12", "status": "none", "problems_solved": 0, "lesson_ids": []}}, {"model": "api.dailyactivity", "pk": 101, "fields": {"user": 73, "date": "2025-06-12", "status": "none", "problems_solved": 0, "lesson_ids": []}}, {"model": "api.dailyactivity", "pk": 84, "fields": {"user": 41, "date": "2025-06-12", "status": "complete", "problems_solved": 8, "lesson_ids": [41]}}, {"model": "api.dailyactivity", "pk": 90, "fields": {"user": 68, "date": "2025-06-11", "status": "none", "problems_solved": 0, "lesson_ids": []}}, {"model": "api.dailyactivity", "pk": 100, "fields": {"user": 73, "date": "2025-06-11", "status": "none", "problems_solved": 0, "lesson_ids": []}}, {"model": "api.dailyactivity", "pk": 83, "fields": {"user": 41, "date": "2025-06-11", "status": "none", "problems_solved": 0, "lesson_ids": []}}, {"model": "api.dailyactivity", "pk": 93, "fields": {"user": 65, "date": "2025-06-11", "status": "none", "problems_solved": 0, "lesson_ids": []}}, {"model": "api.dailyactivity", "pk": 89, "fields": {"user": 68, "date": "2025-06-10", "status": "none", "problems_solved": 0, "lesson_ids": []}}, {"model": "api.dailyactivity", "pk": 99, "fields": {"user": 73, "date": "2025-06-10", "status": "none", "problems_solved": 0, "lesson_ids": []}}, {"model": "api.dailyactivity", "pk": 82, "fields": {"user": 65, "date": "2025-06-10", "status": "none", "problems_solved": 0, "lesson_ids": []}}, {"model": "api.dailyactivity", "pk": 75, "fields": {"user": 41, "date": "2025-06-10", "status": "none", "problems_solved": 0, "lesson_ids": []}}, {"model": "api.dailyactivity", "pk": 81, "fields": {"user": 65, "date": "2025-06-09", "status": "none", "problems_solved": 0, "lesson_ids": []}}, {"model": "api.dailyactivity", "pk": 74, "fields": {"user": 41, "date": "2025-06-09", "status": "none", "problems_solved": 0, "lesson_ids": []}}, {"model": "api.dailyactivity", "pk": 98, "fields": {"user": 73, "date": "2025-06-09", "status": "none", "problems_solved": 0, "lesson_ids": []}}, {"model": "api.dailyactivity", "pk": 88, "fields": {"user": 68, "date": "2025-06-09", "status": "none", "problems_solved": 0, "lesson_ids": []}}, {"model": "api.dailyactivity", "pk": 80, "fields": {"user": 65, "date": "2025-06-08", "status": "none", "problems_solved": 0, "lesson_ids": []}}, {"model": "api.dailyactivity", "pk": 73, "fields": {"user": 62, "date": "2025-06-08", "status": "none", "problems_solved": 0, "lesson_ids": []}}, {"model": "api.dailyactivity", "pk": 87, "fields": {"user": 68, "date": "2025-06-08", "status": "none", "problems_solved": 0, "lesson_ids": []}}, {"model": "api.dailyactivity", "pk": 97, "fields": {"user": 73, "date": "2025-06-08", "status": "none", "problems_solved": 0, "lesson_ids": []}}, {"model": "api.dailyactivity", "pk": 66, "fields": {"user": 41, "date": "2025-06-08", "status": "none", "problems_solved": 0, "lesson_ids": []}}, {"model": "api.dailyactivity", "pk": 79, "fields": {"user": 65, "date": "2025-06-07", "status": "none", "problems_solved": 0, "lesson_ids": []}}, {"model": "api.dailyactivity", "pk": 86, "fields": {"user": 68, "date": "2025-06-07", "status": "none", "problems_solved": 0, "lesson_ids": []}}, {"model": "api.dailyactivity", "pk": 65, "fields": {"user": 61, "date": "2025-06-07", "status": "none", "problems_solved": 0, "lesson_ids": []}}, {"model": "api.dailyactivity", "pk": 58, "fields": {"user": 41, "date": "2025-06-07", "status": "none", "problems_solved": 0, "lesson_ids": []}}, {"model": "api.dailyactivity", "pk": 72, "fields": {"user": 62, "date": "2025-06-07", "status": "none", "problems_solved": 0, "lesson_ids": []}}, {"model": "api.dailyactivity", "pk": 71, "fields": {"user": 62, "date": "2025-06-06", "status": "none", "problems_solved": 0, "lesson_ids": []}}, {"model": "api.dailyactivity", "pk": 85, "fields": {"user": 68, "date": "2025-06-06", "status": "none", "problems_solved": 0, "lesson_ids": []}}, {"model": "api.dailyactivity", "pk": 78, "fields": {"user": 65, "date": "2025-06-06", "status": "none", "problems_solved": 0, "lesson_ids": []}}, {"model": "api.dailyactivity", "pk": 57, "fields": {"user": 41, "date": "2025-06-06", "status": "none", "problems_solved": 0, "lesson_ids": []}}, {"model": "api.dailyactivity", "pk": 64, "fields": {"user": 61, "date": "2025-06-06", "status": "none", "problems_solved": 0, "lesson_ids": []}}, {"model": "api.dailyactivity", "pk": 56, "fields": {"user": 41, "date": "2025-06-05", "status": "none", "problems_solved": 0, "lesson_ids": []}}, {"model": "api.dailyactivity", "pk": 70, "fields": {"user": 62, "date": "2025-06-05", "status": "none", "problems_solved": 0, "lesson_ids": []}}, {"model": "api.dailyactivity", "pk": 63, "fields": {"user": 61, "date": "2025-06-05", "status": "none", "problems_solved": 0, "lesson_ids": []}}, {"model": "api.dailyactivity", "pk": 77, "fields": {"user": 65, "date": "2025-06-05", "status": "none", "problems_solved": 0, "lesson_ids": []}}, {"model": "api.dailyactivity", "pk": 69, "fields": {"user": 62, "date": "2025-06-04", "status": "none", "problems_solved": 0, "lesson_ids": []}}, {"model": "api.dailyactivity", "pk": 55, "fields": {"user": 41, "date": "2025-06-04", "status": "none", "problems_solved": 0, "lesson_ids": []}}, {"model": "api.dailyactivity", "pk": 54, "fields": {"user": 42, "date": "2025-06-04", "status": "none", "problems_solved": 0, "lesson_ids": []}}, {"model": "api.dailyactivity", "pk": 62, "fields": {"user": 61, "date": "2025-06-04", "status": "none", "problems_solved": 0, "lesson_ids": []}}, {"model": "api.dailyactivity", "pk": 76, "fields": {"user": 65, "date": "2025-06-04", "status": "none", "problems_solved": 0, "lesson_ids": []}}, {"model": "api.dailyactivity", "pk": 50, "fields": {"user": 49, "date": "2025-06-03", "status": "none", "problems_solved": 0, "lesson_ids": []}}, {"model": "api.dailyactivity", "pk": 52, "fields": {"user": 41, "date": "2025-06-03", "status": "none", "problems_solved": 0, "lesson_ids": []}}, {"model": "api.dailyactivity", "pk": 53, "fields": {"user": 42, "date": "2025-06-03", "status": "none", "problems_solved": 0, "lesson_ids": []}}, {"model": "api.dailyactivity", "pk": 61, "fields": {"user": 61, "date": "2025-06-03", "status": "none", "problems_solved": 0, "lesson_ids": []}}, {"model": "api.dailyactivity", "pk": 68, "fields": {"user": 62, "date": "2025-06-03", "status": "none", "problems_solved": 0, "lesson_ids": []}}, {"model": "api.dailyactivity", "pk": 51, "fields": {"user": 48, "date": "2025-06-03", "status": "none", "problems_solved": 0, "lesson_ids": []}}, {"model": "api.dailyactivity", "pk": 60, "fields": {"user": 61, "date": "2025-06-02", "status": "none", "problems_solved": 0, "lesson_ids": []}}, {"model": "api.dailyactivity", "pk": 67, "fields": {"user": 62, "date": "2025-06-02", "status": "none", "problems_solved": 0, "lesson_ids": []}}, {"model": "api.dailyactivity", "pk": 49, "fields": {"user": 49, "date": "2025-06-02", "status": "none", "problems_solved": 0, "lesson_ids": []}}, {"model": "api.dailyactivity", "pk": 43, "fields": {"user": 41, "date": "2025-06-02", "status": "none", "problems_solved": 0, "lesson_ids": []}}, {"model": "api.dailyactivity", "pk": 35, "fields": {"user": 42, "date": "2025-06-02", "status": "none", "problems_solved": 0, "lesson_ids": []}}, {"model": "api.dailyactivity", "pk": 42, "fields": {"user": 48, "date": "2025-06-02", "status": "none", "problems_solved": 0, "lesson_ids": []}}, {"model": "api.dailyactivity", "pk": 59, "fields": {"user": 61, "date": "2025-06-01", "status": "none", "problems_solved": 0, "lesson_ids": []}}, {"model": "api.dailyactivity", "pk": 33, "fields": {"user": 41, "date": "2025-06-01", "status": "none", "problems_solved": 0, "lesson_ids": []}}, {"model": "api.dailyactivity", "pk": 34, "fields": {"user": 42, "date": "2025-06-01", "status": "none", "problems_solved": 0, "lesson_ids": []}}, {"model": "api.dailyactivity", "pk": 41, "fields": {"user": 48, "date": "2025-06-01", "status": "none", "problems_solved": 0, "lesson_ids": []}}, {"model": "api.dailyactivity", "pk": 48, "fields": {"user": 49, "date": "2025-06-01", "status": "none", "problems_solved": 0, "lesson_ids": []}}, {"model": "api.dailyactivity", "pk": 24, "fields": {"user": 44, "date": "2025-05-31", "status": "none", "problems_solved": 0, "lesson_ids": []}}, {"model": "api.dailyactivity", "pk": 47, "fields": {"user": 49, "date": "2025-05-31", "status": "none", "problems_solved": 0, "lesson_ids": []}}, {"model": "api.dailyactivity", "pk": 40, "fields": {"user": 48, "date": "2025-05-31", "status": "none", "problems_solved": 0, "lesson_ids": []}}, {"model": "api.dailyactivity", "pk": 17, "fields": {"user": 42, "date": "2025-05-31", "status": "none", "problems_solved": 0, "lesson_ids": []}}, {"model": "api.dailyactivity", "pk": 32, "fields": {"user": 41, "date": "2025-05-31", "status": "none", "problems_solved": 0, "lesson_ids": []}}, {"model": "api.dailyactivity", "pk": 31, "fields": {"user": 46, "date": "2025-05-31", "status": "none", "problems_solved": 0, "lesson_ids": []}}, {"model": "api.dailyactivity", "pk": 39, "fields": {"user": 48, "date": "2025-05-30", "status": "none", "problems_solved": 0, "lesson_ids": []}}, {"model": "api.dailyactivity", "pk": 23, "fields": {"user": 44, "date": "2025-05-30", "status": "none", "problems_solved": 0, "lesson_ids": []}}, {"model": "api.dailyactivity", "pk": 15, "fields": {"user": 42, "date": "2025-05-30", "status": "none", "problems_solved": 0, "lesson_ids": []}}, {"model": "api.dailyactivity", "pk": 30, "fields": {"user": 46, "date": "2025-05-30", "status": "none", "problems_solved": 0, "lesson_ids": []}}, {"model": "api.dailyactivity", "pk": 46, "fields": {"user": 49, "date": "2025-05-30", "status": "none", "problems_solved": 0, "lesson_ids": []}}, {"model": "api.dailyactivity", "pk": 16, "fields": {"user": 41, "date": "2025-05-30", "status": "none", "problems_solved": 0, "lesson_ids": []}}, {"model": "api.dailyactivity", "pk": 22, "fields": {"user": 44, "date": "2025-05-29", "status": "none", "problems_solved": 0, "lesson_ids": []}}, {"model": "api.dailyactivity", "pk": 45, "fields": {"user": 49, "date": "2025-05-29", "status": "none", "problems_solved": 0, "lesson_ids": []}}, {"model": "api.dailyactivity", "pk": 38, "fields": {"user": 48, "date": "2025-05-29", "status": "none", "problems_solved": 0, "lesson_ids": []}}, {"model": "api.dailyactivity", "pk": 29, "fields": {"user": 46, "date": "2025-05-29", "status": "none", "problems_solved": 0, "lesson_ids": []}}, {"model": "api.dailyactivity", "pk": 14, "fields": {"user": 41, "date": "2025-05-29", "status": "none", "problems_solved": 0, "lesson_ids": []}}, {"model": "api.dailyactivity", "pk": 7, "fields": {"user": 42, "date": "2025-05-29", "status": "none", "problems_solved": 0, "lesson_ids": []}}, {"model": "api.dailyactivity", "pk": 44, "fields": {"user": 49, "date": "2025-05-28", "status": "none", "problems_solved": 0, "lesson_ids": []}}, {"model": "api.dailyactivity", "pk": 6, "fields": {"user": 42, "date": "2025-05-28", "status": "none", "problems_solved": 0, "lesson_ids": []}}, {"model": "api.dailyactivity", "pk": 37, "fields": {"user": 48, "date": "2025-05-28", "status": "none", "problems_solved": 0, "lesson_ids": []}}, {"model": "api.dailyactivity", "pk": 21, "fields": {"user": 44, "date": "2025-05-28", "status": "none", "problems_solved": 0, "lesson_ids": []}}, {"model": "api.dailyactivity", "pk": 28, "fields": {"user": 46, "date": "2025-05-28", "status": "none", "problems_solved": 0, "lesson_ids": []}}, {"model": "api.dailyactivity", "pk": 13, "fields": {"user": 41, "date": "2025-05-28", "status": "none", "problems_solved": 0, "lesson_ids": []}}, {"model": "api.dailyactivity", "pk": 27, "fields": {"user": 46, "date": "2025-05-27", "status": "none", "problems_solved": 0, "lesson_ids": []}}, {"model": "api.dailyactivity", "pk": 20, "fields": {"user": 44, "date": "2025-05-27", "status": "none", "problems_solved": 0, "lesson_ids": []}}, {"model": "api.dailyactivity", "pk": 36, "fields": {"user": 48, "date": "2025-05-27", "status": "none", "problems_solved": 0, "lesson_ids": []}}, {"model": "api.dailyactivity", "pk": 12, "fields": {"user": 41, "date": "2025-05-27", "status": "none", "problems_solved": 0, "lesson_ids": []}}, {"model": "api.dailyactivity", "pk": 5, "fields": {"user": 42, "date": "2025-05-27", "status": "none", "problems_solved": 0, "lesson_ids": []}}, {"model": "api.dailyactivity", "pk": 19, "fields": {"user": 44, "date": "2025-05-26", "status": "none", "problems_solved": 0, "lesson_ids": []}}, {"model": "api.dailyactivity", "pk": 4, "fields": {"user": 42, "date": "2025-05-26", "status": "none", "problems_solved": 0, "lesson_ids": []}}, {"model": "api.dailyactivity", "pk": 11, "fields": {"user": 41, "date": "2025-05-26", "status": "none", "problems_solved": 0, "lesson_ids": []}}, {"model": "api.dailyactivity", "pk": 26, "fields": {"user": 46, "date": "2025-05-26", "status": "none", "problems_solved": 0, "lesson_ids": []}}, {"model": "api.dailyactivity", "pk": 3, "fields": {"user": 42, "date": "2025-05-25", "status": "none", "problems_solved": 0, "lesson_ids": []}}, {"model": "api.dailyactivity", "pk": 10, "fields": {"user": 41, "date": "2025-05-25", "status": "none", "problems_solved": 0, "lesson_ids": []}}, {"model": "api.dailyactivity", "pk": 25, "fields": {"user": 46, "date": "2025-05-25", "status": "none", "problems_solved": 0, "lesson_ids": []}}, {"model": "api.dailyactivity", "pk": 18, "fields": {"user": 44, "date": "2025-05-25", "status": "none", "problems_solved": 0, "lesson_ids": []}}, {"model": "api.dailyactivity", "pk": 9, "fields": {"user": 41, "date": "2025-05-24", "status": "none", "problems_solved": 0, "lesson_ids": []}}, {"model": "api.dailyactivity", "pk": 2, "fields": {"user": 42, "date": "2025-05-24", "status": "none", "problems_solved": 0, "lesson_ids": []}}, {"model": "api.dailyactivity", "pk": 8, "fields": {"user": 41, "date": "2025-05-23", "status": "none", "problems_solved": 0, "lesson_ids": []}}, {"model": "api.dailyactivity", "pk": 1, "fields": {"user": 42, "date": "2025-05-23", "status": "none", "problems_solved": 0, "lesson_ids": []}}]