[{"model": "auth.permission", "pk": 49, "fields": {"name": "Can add email verification", "content_type": 13, "codename": "add_emailverification"}}, {"model": "auth.permission", "pk": 50, "fields": {"name": "Can change email verification", "content_type": 13, "codename": "change_emailverification"}}, {"model": "auth.permission", "pk": 51, "fields": {"name": "Can delete email verification", "content_type": 13, "codename": "delete_emailverification"}}, {"model": "auth.permission", "pk": 52, "fields": {"name": "Can view email verification", "content_type": 13, "codename": "view_emailverification"}}, {"model": "auth.permission", "pk": 45, "fields": {"name": "Can add student profile", "content_type": 12, "codename": "add_studentprofile"}}, {"model": "auth.permission", "pk": 46, "fields": {"name": "Can change student profile", "content_type": 12, "codename": "change_studentprofile"}}, {"model": "auth.permission", "pk": 47, "fields": {"name": "Can delete student profile", "content_type": 12, "codename": "delete_studentprofile"}}, {"model": "auth.permission", "pk": 48, "fields": {"name": "Can view student profile", "content_type": 12, "codename": "view_studentprofile"}}, {"model": "auth.permission", "pk": 33, "fields": {"name": "Can add User", "content_type": 9, "codename": "add_user"}}, {"model": "auth.permission", "pk": 34, "fields": {"name": "Can change User", "content_type": 9, "codename": "change_user"}}, {"model": "auth.permission", "pk": 35, "fields": {"name": "Can delete User", "content_type": 9, "codename": "delete_user"}}, {"model": "auth.permission", "pk": 36, "fields": {"name": "Can view User", "content_type": 9, "codename": "view_user"}}, {"model": "auth.permission", "pk": 41, "fields": {"name": "Can add user onboarding", "content_type": 11, "codename": "add_useronboarding"}}, {"model": "auth.permission", "pk": 42, "fields": {"name": "Can change user onboarding", "content_type": 11, "codename": "change_useronboarding"}}, {"model": "auth.permission", "pk": 43, "fields": {"name": "Can delete user onboarding", "content_type": 11, "codename": "delete_useronboarding"}}, {"model": "auth.permission", "pk": 44, "fields": {"name": "Can view user onboarding", "content_type": 11, "codename": "view_useronboarding"}}, {"model": "auth.permission", "pk": 37, "fields": {"name": "Can add user profile", "content_type": 10, "codename": "add_userprofile"}}, {"model": "auth.permission", "pk": 38, "fields": {"name": "Can change user profile", "content_type": 10, "codename": "change_userprofile"}}, {"model": "auth.permission", "pk": 39, "fields": {"name": "Can delete user profile", "content_type": 10, "codename": "delete_userprofile"}}, {"model": "auth.permission", "pk": 40, "fields": {"name": "Can view user profile", "content_type": 10, "codename": "view_userprofile"}}, {"model": "auth.permission", "pk": 1, "fields": {"name": "Can add log entry", "content_type": 1, "codename": "add_logentry"}}, {"model": "auth.permission", "pk": 2, "fields": {"name": "Can change log entry", "content_type": 1, "codename": "change_logentry"}}, {"model": "auth.permission", "pk": 3, "fields": {"name": "Can delete log entry", "content_type": 1, "codename": "delete_logentry"}}, {"model": "auth.permission", "pk": 4, "fields": {"name": "Can view log entry", "content_type": 1, "codename": "view_logentry"}}, {"model": "auth.permission", "pk": 25, "fields": {"name": "Can add daily activity", "content_type": 7, "codename": "add_dailyactivity"}}, {"model": "auth.permission", "pk": 26, "fields": {"name": "Can change daily activity", "content_type": 7, "codename": "change_dailyactivity"}}, {"model": "auth.permission", "pk": 27, "fields": {"name": "Can delete daily activity", "content_type": 7, "codename": "delete_dailyactivity"}}, {"model": "auth.permission", "pk": 28, "fields": {"name": "Can view daily activity", "content_type": 7, "codename": "view_dailyactivity"}}, {"model": "auth.permission", "pk": 29, "fields": {"name": "Can add notification", "content_type": 8, "codename": "add_notification"}}, {"model": "auth.permission", "pk": 30, "fields": {"name": "Can change notification", "content_type": 8, "codename": "change_notification"}}, {"model": "auth.permission", "pk": 31, "fields": {"name": "Can delete notification", "content_type": 8, "codename": "delete_notification"}}, {"model": "auth.permission", "pk": 32, "fields": {"name": "Can view notification", "content_type": 8, "codename": "view_notification"}}, {"model": "auth.permission", "pk": 21, "fields": {"name": "Can add streak", "content_type": 6, "codename": "add_streak"}}, {"model": "auth.permission", "pk": 22, "fields": {"name": "Can change streak", "content_type": 6, "codename": "change_streak"}}, {"model": "auth.permission", "pk": 23, "fields": {"name": "Can delete streak", "content_type": 6, "codename": "delete_streak"}}, {"model": "auth.permission", "pk": 24, "fields": {"name": "Can view streak", "content_type": 6, "codename": "view_streak"}}, {"model": "auth.permission", "pk": 9, "fields": {"name": "Can add group", "content_type": 3, "codename": "add_group"}}, {"model": "auth.permission", "pk": 10, "fields": {"name": "Can change group", "content_type": 3, "codename": "change_group"}}, {"model": "auth.permission", "pk": 11, "fields": {"name": "Can delete group", "content_type": 3, "codename": "delete_group"}}, {"model": "auth.permission", "pk": 12, "fields": {"name": "Can view group", "content_type": 3, "codename": "view_group"}}, {"model": "auth.permission", "pk": 5, "fields": {"name": "Can add permission", "content_type": 2, "codename": "add_permission"}}, {"model": "auth.permission", "pk": 6, "fields": {"name": "Can change permission", "content_type": 2, "codename": "change_permission"}}, {"model": "auth.permission", "pk": 7, "fields": {"name": "Can delete permission", "content_type": 2, "codename": "delete_permission"}}, {"model": "auth.permission", "pk": 8, "fields": {"name": "Can view permission", "content_type": 2, "codename": "view_permission"}}, {"model": "auth.permission", "pk": 13, "fields": {"name": "Can add content type", "content_type": 4, "codename": "add_contenttype"}}, {"model": "auth.permission", "pk": 14, "fields": {"name": "Can change content type", "content_type": 4, "codename": "change_contenttype"}}, {"model": "auth.permission", "pk": 15, "fields": {"name": "Can delete content type", "content_type": 4, "codename": "delete_contenttype"}}, {"model": "auth.permission", "pk": 16, "fields": {"name": "Can view content type", "content_type": 4, "codename": "view_contenttype"}}, {"model": "auth.permission", "pk": 97, "fields": {"name": "Can add achievement", "content_type": 25, "codename": "add_achievement"}}, {"model": "auth.permission", "pk": 98, "fields": {"name": "Can change achievement", "content_type": 25, "codename": "change_achievement"}}, {"model": "auth.permission", "pk": 99, "fields": {"name": "Can delete achievement", "content_type": 25, "codename": "delete_achievement"}}, {"model": "auth.permission", "pk": 100, "fields": {"name": "Can view achievement", "content_type": 25, "codename": "view_achievement"}}, {"model": "auth.permission", "pk": 53, "fields": {"name": "Can add category", "content_type": 14, "codename": "add_category"}}, {"model": "auth.permission", "pk": 54, "fields": {"name": "Can change category", "content_type": 14, "codename": "change_category"}}, {"model": "auth.permission", "pk": 55, "fields": {"name": "Can delete category", "content_type": 14, "codename": "delete_category"}}, {"model": "auth.permission", "pk": 56, "fields": {"name": "Can view category", "content_type": 14, "codename": "view_category"}}, {"model": "auth.permission", "pk": 113, "fields": {"name": "Can add community contribution", "content_type": 29, "codename": "add_communitycontribution"}}, {"model": "auth.permission", "pk": 114, "fields": {"name": "Can change community contribution", "content_type": 29, "codename": "change_communitycontribution"}}, {"model": "auth.permission", "pk": 115, "fields": {"name": "Can delete community contribution", "content_type": 29, "codename": "delete_communitycontribution"}}, {"model": "auth.permission", "pk": 116, "fields": {"name": "Can view community contribution", "content_type": 29, "codename": "view_communitycontribution"}}, {"model": "auth.permission", "pk": 57, "fields": {"name": "Can add course", "content_type": 15, "codename": "add_course"}}, {"model": "auth.permission", "pk": 58, "fields": {"name": "Can change course", "content_type": 15, "codename": "change_course"}}, {"model": "auth.permission", "pk": 59, "fields": {"name": "Can delete course", "content_type": 15, "codename": "delete_course"}}, {"model": "auth.permission", "pk": 60, "fields": {"name": "Can view course", "content_type": 15, "codename": "view_course"}}, {"model": "auth.permission", "pk": 85, "fields": {"name": "Can add course enrollment", "content_type": 22, "codename": "add_courseenrollment"}}, {"model": "auth.permission", "pk": 86, "fields": {"name": "Can change course enrollment", "content_type": 22, "codename": "change_courseenrollment"}}, {"model": "auth.permission", "pk": 87, "fields": {"name": "Can delete course enrollment", "content_type": 22, "codename": "delete_courseenrollment"}}, {"model": "auth.permission", "pk": 88, "fields": {"name": "Can view course enrollment", "content_type": 22, "codename": "view_courseenrollment"}}, {"model": "auth.permission", "pk": 101, "fields": {"name": "Can add cultural event", "content_type": 26, "codename": "add_culturalevent"}}, {"model": "auth.permission", "pk": 102, "fields": {"name": "Can change cultural event", "content_type": 26, "codename": "change_culturalevent"}}, {"model": "auth.permission", "pk": 103, "fields": {"name": "Can delete cultural event", "content_type": 26, "codename": "delete_culturalevent"}}, {"model": "auth.permission", "pk": 104, "fields": {"name": "Can view cultural event", "content_type": 26, "codename": "view_culturalevent"}}, {"model": "auth.permission", "pk": 105, "fields": {"name": "Can add Daily Challenge", "content_type": 27, "codename": "add_dailychallenge"}}, {"model": "auth.permission", "pk": 106, "fields": {"name": "Can change Daily Challenge", "content_type": 27, "codename": "change_dailychallenge"}}, {"model": "auth.permission", "pk": 107, "fields": {"name": "Can delete Daily Challenge", "content_type": 27, "codename": "delete_dailychallenge"}}, {"model": "auth.permission", "pk": 108, "fields": {"name": "Can view Daily Challenge", "content_type": 27, "codename": "view_dailychallenge"}}, {"model": "auth.permission", "pk": 93, "fields": {"name": "Can add hint", "content_type": 24, "codename": "add_hint"}}, {"model": "auth.permission", "pk": 94, "fields": {"name": "Can change hint", "content_type": 24, "codename": "change_hint"}}, {"model": "auth.permission", "pk": 95, "fields": {"name": "Can delete hint", "content_type": 24, "codename": "delete_hint"}}, {"model": "auth.permission", "pk": 96, "fields": {"name": "Can view hint", "content_type": 24, "codename": "view_hint"}}, {"model": "auth.permission", "pk": 81, "fields": {"name": "Can add Leaderboard Entry", "content_type": 21, "codename": "add_leaderboardentry"}}, {"model": "auth.permission", "pk": 82, "fields": {"name": "Can change Leaderboard Entry", "content_type": 21, "codename": "change_leaderboardentry"}}, {"model": "auth.permission", "pk": 83, "fields": {"name": "Can delete Leaderboard Entry", "content_type": 21, "codename": "delete_leaderboardentry"}}, {"model": "auth.permission", "pk": 84, "fields": {"name": "Can view Leaderboard Entry", "content_type": 21, "codename": "view_leaderboardentry"}}, {"model": "auth.permission", "pk": 133, "fields": {"name": "Can add league", "content_type": 34, "codename": "add_league"}}, {"model": "auth.permission", "pk": 134, "fields": {"name": "Can change league", "content_type": 34, "codename": "change_league"}}, {"model": "auth.permission", "pk": 135, "fields": {"name": "Can delete league", "content_type": 34, "codename": "delete_league"}}, {"model": "auth.permission", "pk": 136, "fields": {"name": "Can view league", "content_type": 34, "codename": "view_league"}}, {"model": "auth.permission", "pk": 61, "fields": {"name": "Can add lesson", "content_type": 16, "codename": "add_lesson"}}, {"model": "auth.permission", "pk": 62, "fields": {"name": "Can change lesson", "content_type": 16, "codename": "change_lesson"}}, {"model": "auth.permission", "pk": 63, "fields": {"name": "Can delete lesson", "content_type": 16, "codename": "delete_lesson"}}, {"model": "auth.permission", "pk": 64, "fields": {"name": "Can view lesson", "content_type": 16, "codename": "view_lesson"}}, {"model": "auth.permission", "pk": 73, "fields": {"name": "Can add Lesson Content Block", "content_type": 19, "codename": "add_lessoncontentblock"}}, {"model": "auth.permission", "pk": 74, "fields": {"name": "Can change Lesson Content Block", "content_type": 19, "codename": "change_lessoncontentblock"}}, {"model": "auth.permission", "pk": 75, "fields": {"name": "Can delete Lesson Content Block", "content_type": 19, "codename": "delete_lessoncontentblock"}}, {"model": "auth.permission", "pk": 76, "fields": {"name": "Can view Lesson Content Block", "content_type": 19, "codename": "view_lessoncontentblock"}}, {"model": "auth.permission", "pk": 65, "fields": {"name": "Can add problem", "content_type": 17, "codename": "add_problem"}}, {"model": "auth.permission", "pk": 66, "fields": {"name": "Can change problem", "content_type": 17, "codename": "change_problem"}}, {"model": "auth.permission", "pk": 67, "fields": {"name": "Can delete problem", "content_type": 17, "codename": "delete_problem"}}, {"model": "auth.permission", "pk": 68, "fields": {"name": "Can view problem", "content_type": 17, "codename": "view_problem"}}, {"model": "auth.permission", "pk": 89, "fields": {"name": "Can add solution step", "content_type": 23, "codename": "add_solutionstep"}}, {"model": "auth.permission", "pk": 90, "fields": {"name": "Can change solution step", "content_type": 23, "codename": "change_solutionstep"}}, {"model": "auth.permission", "pk": 91, "fields": {"name": "Can delete solution step", "content_type": 23, "codename": "delete_solutionstep"}}, {"model": "auth.permission", "pk": 92, "fields": {"name": "Can view solution step", "content_type": 23, "codename": "view_solutionstep"}}, {"model": "auth.permission", "pk": 125, "fields": {"name": "Can add user achievement", "content_type": 32, "codename": "add_userachievement"}}, {"model": "auth.permission", "pk": 126, "fields": {"name": "Can change user achievement", "content_type": 32, "codename": "change_userachievement"}}, {"model": "auth.permission", "pk": 127, "fields": {"name": "Can delete user achievement", "content_type": 32, "codename": "delete_userachievement"}}, {"model": "auth.permission", "pk": 128, "fields": {"name": "Can view user achievement", "content_type": 32, "codename": "view_userachievement"}}, {"model": "auth.permission", "pk": 121, "fields": {"name": "Can add User Challenge Progress", "content_type": 31, "codename": "add_userchallengeprogress"}}, {"model": "auth.permission", "pk": 122, "fields": {"name": "Can change User Challenge Progress", "content_type": 31, "codename": "change_userchallengeprogress"}}, {"model": "auth.permission", "pk": 123, "fields": {"name": "Can delete User Challenge Progress", "content_type": 31, "codename": "delete_userchallengeprogress"}}, {"model": "auth.permission", "pk": 124, "fields": {"name": "Can view User Challenge Progress", "content_type": 31, "codename": "view_userchallengeprogress"}}, {"model": "auth.permission", "pk": 117, "fields": {"name": "Can add user cultural progress", "content_type": 30, "codename": "add_userculturalprogress"}}, {"model": "auth.permission", "pk": 118, "fields": {"name": "Can change user cultural progress", "content_type": 30, "codename": "change_userculturalprogress"}}, {"model": "auth.permission", "pk": 119, "fields": {"name": "Can delete user cultural progress", "content_type": 30, "codename": "delete_userculturalprogress"}}, {"model": "auth.permission", "pk": 120, "fields": {"name": "Can view user cultural progress", "content_type": 30, "codename": "view_userculturalprogress"}}, {"model": "auth.permission", "pk": 109, "fields": {"name": "Can add user level", "content_type": 28, "codename": "add_userlevel"}}, {"model": "auth.permission", "pk": 110, "fields": {"name": "Can change user level", "content_type": 28, "codename": "change_userlevel"}}, {"model": "auth.permission", "pk": 111, "fields": {"name": "Can delete user level", "content_type": 28, "codename": "delete_userlevel"}}, {"model": "auth.permission", "pk": 112, "fields": {"name": "Can view user level", "content_type": 28, "codename": "view_userlevel"}}, {"model": "auth.permission", "pk": 129, "fields": {"name": "Can add user notification", "content_type": 33, "codename": "add_usernotification"}}, {"model": "auth.permission", "pk": 130, "fields": {"name": "Can change user notification", "content_type": 33, "codename": "change_usernotification"}}, {"model": "auth.permission", "pk": 131, "fields": {"name": "Can delete user notification", "content_type": 33, "codename": "delete_usernotification"}}, {"model": "auth.permission", "pk": 132, "fields": {"name": "Can view user notification", "content_type": 33, "codename": "view_usernotification"}}, {"model": "auth.permission", "pk": 137, "fields": {"name": "Can add user problem", "content_type": 35, "codename": "add_userproblem"}}, {"model": "auth.permission", "pk": 138, "fields": {"name": "Can change user problem", "content_type": 35, "codename": "change_userproblem"}}, {"model": "auth.permission", "pk": 139, "fields": {"name": "Can delete user problem", "content_type": 35, "codename": "delete_userproblem"}}, {"model": "auth.permission", "pk": 140, "fields": {"name": "Can view user problem", "content_type": 35, "codename": "view_userproblem"}}, {"model": "auth.permission", "pk": 77, "fields": {"name": "Can add User Progress", "content_type": 20, "codename": "add_userprogress"}}, {"model": "auth.permission", "pk": 78, "fields": {"name": "Can change User Progress", "content_type": 20, "codename": "change_userprogress"}}, {"model": "auth.permission", "pk": 79, "fields": {"name": "Can delete User Progress", "content_type": 20, "codename": "delete_userprogress"}}, {"model": "auth.permission", "pk": 80, "fields": {"name": "Can view User Progress", "content_type": 20, "codename": "view_userprogress"}}, {"model": "auth.permission", "pk": 69, "fields": {"name": "Can add user reward", "content_type": 18, "codename": "add_userreward"}}, {"model": "auth.permission", "pk": 70, "fields": {"name": "Can change user reward", "content_type": 18, "codename": "change_userreward"}}, {"model": "auth.permission", "pk": 71, "fields": {"name": "Can delete user reward", "content_type": 18, "codename": "delete_userreward"}}, {"model": "auth.permission", "pk": 72, "fields": {"name": "Can view user reward", "content_type": 18, "codename": "view_userreward"}}, {"model": "auth.permission", "pk": 141, "fields": {"name": "Can add league", "content_type": 36, "codename": "add_league"}}, {"model": "auth.permission", "pk": 142, "fields": {"name": "Can change league", "content_type": 36, "codename": "change_league"}}, {"model": "auth.permission", "pk": 143, "fields": {"name": "Can delete league", "content_type": 36, "codename": "delete_league"}}, {"model": "auth.permission", "pk": 144, "fields": {"name": "Can view league", "content_type": 36, "codename": "view_league"}}, {"model": "auth.permission", "pk": 145, "fields": {"name": "Can add user league", "content_type": 37, "codename": "add_userleague"}}, {"model": "auth.permission", "pk": 146, "fields": {"name": "Can change user league", "content_type": 37, "codename": "change_userleague"}}, {"model": "auth.permission", "pk": 147, "fields": {"name": "Can delete user league", "content_type": 37, "codename": "delete_userleague"}}, {"model": "auth.permission", "pk": 148, "fields": {"name": "Can view user league", "content_type": 37, "codename": "view_userleague"}}, {"model": "auth.permission", "pk": 17, "fields": {"name": "Can add session", "content_type": 5, "codename": "add_session"}}, {"model": "auth.permission", "pk": 18, "fields": {"name": "Can change session", "content_type": 5, "codename": "change_session"}}, {"model": "auth.permission", "pk": 19, "fields": {"name": "Can delete session", "content_type": 5, "codename": "delete_session"}}, {"model": "auth.permission", "pk": 20, "fields": {"name": "Can view session", "content_type": 5, "codename": "view_session"}}, {"model": "auth.permission", "pk": 149, "fields": {"name": "Can add payment", "content_type": 38, "codename": "add_payment"}}, {"model": "auth.permission", "pk": 150, "fields": {"name": "Can change payment", "content_type": 38, "codename": "change_payment"}}, {"model": "auth.permission", "pk": 151, "fields": {"name": "Can delete payment", "content_type": 38, "codename": "delete_payment"}}, {"model": "auth.permission", "pk": 152, "fields": {"name": "Can view payment", "content_type": 38, "codename": "view_payment"}}, {"model": "auth.permission", "pk": 153, "fields": {"name": "Can add subscription", "content_type": 39, "codename": "add_subscription"}}, {"model": "auth.permission", "pk": 154, "fields": {"name": "Can change subscription", "content_type": 39, "codename": "change_subscription"}}, {"model": "auth.permission", "pk": 155, "fields": {"name": "Can delete subscription", "content_type": 39, "codename": "delete_subscription"}}, {"model": "auth.permission", "pk": 156, "fields": {"name": "Can view subscription", "content_type": 39, "codename": "view_subscription"}}]