[{"model": "contenttypes.contenttype", "pk": 1, "fields": {"app_label": "admin", "model": "logentry"}}, {"model": "contenttypes.contenttype", "pk": 2, "fields": {"app_label": "auth", "model": "permission"}}, {"model": "contenttypes.contenttype", "pk": 3, "fields": {"app_label": "auth", "model": "group"}}, {"model": "contenttypes.contenttype", "pk": 4, "fields": {"app_label": "contenttypes", "model": "contenttype"}}, {"model": "contenttypes.contenttype", "pk": 5, "fields": {"app_label": "sessions", "model": "session"}}, {"model": "contenttypes.contenttype", "pk": 6, "fields": {"app_label": "api", "model": "streak"}}, {"model": "contenttypes.contenttype", "pk": 7, "fields": {"app_label": "api", "model": "dailyactivity"}}, {"model": "contenttypes.contenttype", "pk": 8, "fields": {"app_label": "api", "model": "notification"}}, {"model": "contenttypes.contenttype", "pk": 9, "fields": {"app_label": "accounts", "model": "user"}}, {"model": "contenttypes.contenttype", "pk": 10, "fields": {"app_label": "accounts", "model": "userprofile"}}, {"model": "contenttypes.contenttype", "pk": 11, "fields": {"app_label": "accounts", "model": "useronboarding"}}, {"model": "contenttypes.contenttype", "pk": 12, "fields": {"app_label": "accounts", "model": "studentprofile"}}, {"model": "contenttypes.contenttype", "pk": 13, "fields": {"app_label": "accounts", "model": "emailverification"}}, {"model": "contenttypes.contenttype", "pk": 14, "fields": {"app_label": "courses", "model": "category"}}, {"model": "contenttypes.contenttype", "pk": 15, "fields": {"app_label": "courses", "model": "course"}}, {"model": "contenttypes.contenttype", "pk": 16, "fields": {"app_label": "courses", "model": "lesson"}}, {"model": "contenttypes.contenttype", "pk": 17, "fields": {"app_label": "courses", "model": "problem"}}, {"model": "contenttypes.contenttype", "pk": 18, "fields": {"app_label": "courses", "model": "userreward"}}, {"model": "contenttypes.contenttype", "pk": 19, "fields": {"app_label": "courses", "model": "lessoncontentblock"}}, {"model": "contenttypes.contenttype", "pk": 20, "fields": {"app_label": "courses", "model": "userprogress"}}, {"model": "contenttypes.contenttype", "pk": 21, "fields": {"app_label": "courses", "model": "leaderboardentry"}}, {"model": "contenttypes.contenttype", "pk": 22, "fields": {"app_label": "courses", "model": "courseenrollment"}}, {"model": "contenttypes.contenttype", "pk": 23, "fields": {"app_label": "courses", "model": "solutionstep"}}, {"model": "contenttypes.contenttype", "pk": 24, "fields": {"app_label": "courses", "model": "hint"}}, {"model": "contenttypes.contenttype", "pk": 25, "fields": {"app_label": "courses", "model": "achievement"}}, {"model": "contenttypes.contenttype", "pk": 26, "fields": {"app_label": "courses", "model": "culturalevent"}}, {"model": "contenttypes.contenttype", "pk": 27, "fields": {"app_label": "courses", "model": "dailychallenge"}}, {"model": "contenttypes.contenttype", "pk": 28, "fields": {"app_label": "courses", "model": "userlevel"}}, {"model": "contenttypes.contenttype", "pk": 29, "fields": {"app_label": "courses", "model": "communitycontribution"}}, {"model": "contenttypes.contenttype", "pk": 30, "fields": {"app_label": "courses", "model": "userculturalprogress"}}, {"model": "contenttypes.contenttype", "pk": 31, "fields": {"app_label": "courses", "model": "userchallengeprogress"}}, {"model": "contenttypes.contenttype", "pk": 32, "fields": {"app_label": "courses", "model": "userachievement"}}, {"model": "contenttypes.contenttype", "pk": 33, "fields": {"app_label": "courses", "model": "usernotification"}}, {"model": "contenttypes.contenttype", "pk": 34, "fields": {"app_label": "courses", "model": "league"}}, {"model": "contenttypes.contenttype", "pk": 35, "fields": {"app_label": "courses", "model": "userproblem"}}, {"model": "contenttypes.contenttype", "pk": 36, "fields": {"app_label": "leagues", "model": "league"}}, {"model": "contenttypes.contenttype", "pk": 37, "fields": {"app_label": "leagues", "model": "userleague"}}, {"model": "contenttypes.contenttype", "pk": 38, "fields": {"app_label": "subscriptions", "model": "payment"}}, {"model": "contenttypes.contenttype", "pk": 39, "fields": {"app_label": "subscriptions", "model": "subscription"}}]