[{"model": "courses.course", "pk": 34, "fields": {"category": "793795", "title": "Xallinta isla'egyada", "slug": "xallinta-islaegyada", "is_new": false, "progress": 0, "description": "Halkan ku billow safarkaaga aljabra adiga oo si hordhac u ah doorsoomayaasha iyo isla'egyada.", "thumbnail": "https://ds055uzetaobb.cloudfront.net/brioche/chapter/pre-algebra-LxbQq6.png", "author_id": "1", "is_published": true, "created_at": "2025-06-14T08:44:47.028Z", "updated_at": "2025-06-14T08:44:47.028Z"}}, {"model": "courses.course", "pk": 32, "fields": {"category": "1748720433271", "title": "Lacagaha loo yaqaan Crypto", "slug": "lacagaha-loo-yaqaan-crypto", "is_new": false, "progress": 0, "description": "baro taarikhda lacagta", "thumbnail": "https://ds055uzetaobb.cloudfront.net/brioche/chapter/cryptocurrency-8FJEOZ.png", "author_id": "1", "is_published": true, "created_at": "2025-05-31T20:51:32.183Z", "updated_at": "2025-05-31T20:54:01.412Z"}}]