[{"model": "courses.userproblem", "pk": 11, "fields": {"user": 41, "problem": 64, "solved": true, "solved_at": "2025-06-12T09:21:13.530Z", "attempts": 0, "xp_earned": 10}}, {"model": "courses.userproblem", "pk": 10, "fields": {"user": 41, "problem": 50, "solved": true, "solved_at": "2025-06-12T09:21:12.882Z", "attempts": 0, "xp_earned": 10}}, {"model": "courses.userproblem", "pk": 9, "fields": {"user": 41, "problem": 49, "solved": true, "solved_at": "2025-06-12T09:21:12.151Z", "attempts": 0, "xp_earned": 10}}, {"model": "courses.userproblem", "pk": 8, "fields": {"user": 41, "problem": 48, "solved": true, "solved_at": "2025-06-12T09:21:11.309Z", "attempts": 0, "xp_earned": 10}}, {"model": "courses.userproblem", "pk": 7, "fields": {"user": 41, "problem": 47, "solved": true, "solved_at": "2025-06-12T09:21:10.452Z", "attempts": 0, "xp_earned": 10}}, {"model": "courses.userproblem", "pk": 6, "fields": {"user": 41, "problem": 63, "solved": true, "solved_at": "2025-06-12T09:20:02.141Z", "attempts": 0, "xp_earned": 10}}, {"model": "courses.userproblem", "pk": 5, "fields": {"user": 41, "problem": 62, "solved": true, "solved_at": "2025-06-12T09:20:01.283Z", "attempts": 0, "xp_earned": 10}}, {"model": "courses.userproblem", "pk": 4, "fields": {"user": 41, "problem": 61, "solved": true, "solved_at": "2025-06-12T09:20:00.367Z", "attempts": 0, "xp_earned": 10}}, {"model": "courses.userproblem", "pk": 3, "fields": {"user": 41, "problem": 60, "solved": true, "solved_at": "2025-06-12T09:19:59.520Z", "attempts": 0, "xp_earned": 10}}, {"model": "courses.userproblem", "pk": 2, "fields": {"user": 41, "problem": 59, "solved": true, "solved_at": "2025-06-12T09:19:06.086Z", "attempts": 0, "xp_earned": 10}}, {"model": "courses.userproblem", "pk": 1, "fields": {"user": 41, "problem": 58, "solved": true, "solved_at": "2025-06-12T09:18:30.013Z", "attempts": 0, "xp_earned": 10}}]