[{"model": "courses.category", "pk": "1748720433271", "fields": {"title": "Tignoolajiyad", "description": "Ogow sida tignoolajiyada casriga ah u shaqeyso.", "image": "https://ds055uzetaobb.cloudfront.net/category-images/Technology-JFXNyW.png", "in_progress": false, "course_ids": []}}, {"model": "courses.category", "pk": "793795", "fields": {"title": "Xisaabta Aasaasiga ah", "description": "Baro waxyaabaha muhiimka u ah xalinta masaa'ilaha xisaabta", "image": "https://ds055uzetaobb.cloudfront.net/category-images/Foundational_Math-Q1aarP.png", "in_progress": false, "course_ids": []}}]