[{"model": "courses.lesson", "pk": 46, "fields": {"course": 34, "title": "Hell waxyaabaha aan la aqoon", "slug": "hell-waxyaabaha-aan-la-aqoon", "lesson_number": 1, "estimated_time": 5, "is_published": false, "created_at": "2025-06-14T08:48:12.198Z", "updated_at": "2025-06-14T08:48:12.198Z"}}, {"model": "courses.lesson", "pk": 31, "fields": {"course": 32, "title": "Taariikda Lacagta oo kooban", "slug": "taariikda-lacagta-oo-kooban", "lesson_number": 1, "estimated_time": 30, "is_published": true, "created_at": "2025-05-31T21:13:31.668Z", "updated_at": "2025-06-01T08:20:28.400Z"}}, {"model": "courses.lesson", "pk": 34, "fields": {"course": 32, "title": "sheekada Buurdheer", "slug": "sheekada-buurdheer", "lesson_number": 2, "estimated_time": 30, "is_published": true, "created_at": "2025-06-05T21:04:09.170Z", "updated_at": "2025-06-06T09:13:23.265Z"}}, {"model": "courses.lesson", "pk": 35, "fields": {"course": 32, "title": "Saxiixyada Qarsoodiga ah", "slug": "saxiixyada-qarsoodiga-ah", "lesson_number": 3, "estimated_time": 30, "is_published": true, "created_at": "2025-06-06T12:19:00.692Z", "updated_at": "2025-06-06T12:19:00.692Z"}}, {"model": "courses.lesson", "pk": 36, "fields": {"course": 32, "title": "Maamul Fidinta Buurdheer", "slug": "maamul-fidinta-buurdheer", "lesson_number": 4, "estimated_time": 28, "is_published": true, "created_at": "2025-06-08T17:02:03.992Z", "updated_at": "2025-06-09T11:07:35.093Z"}}, {"model": "courses.lesson", "pk": 37, "fields": {"course": 32, "title": "Daciifnimada Dadka Buurdheer", "slug": "daciifnimada-dadka-buurdheer", "lesson_number": 5, "estimated_time": 30, "is_published": true, "created_at": "2025-06-09T11:06:35.156Z", "updated_at": "2025-06-09T11:06:35.156Z"}}, {"model": "courses.lesson", "pk": 38, "fields": {"course": 32, "title": "Furfuridda Buurdheer", "slug": "furfuridda-buurdheer", "lesson_number": 6, "estimated_time": 30, "is_published": true, "created_at": "2025-06-10T21:24:43.961Z", "updated_at": "2025-06-10T21:24:43.961Z"}}, {"model": "courses.lesson", "pk": 39, "fields": {"course": 32, "title": "Hawlaha Hash-ka ee Sirta ah", "slug": "hawlaha-hash-ka-ee-sirta-ah", "lesson_number": 7, "estimated_time": 30, "is_published": true, "created_at": "2025-06-10T21:26:59.237Z", "updated_at": "2025-06-10T21:26:59.237Z"}}, {"model": "courses.lesson", "pk": 41, "fields": {"course": 32, "title": "Sahminta shaqada hash-ka", "slug": "sahminta-shaqada-hash-ka", "lesson_number": 8, "estimated_time": 30, "is_published": true, "created_at": "2025-06-12T08:26:30.662Z", "updated_at": "2025-06-12T09:53:17.549Z"}}, {"model": "courses.lesson", "pk": 40, "fields": {"course": 32, "title": "Dib-u-roga shaqada Hash-ka", "slug": "dib-u-roga-shaqada-hash-ka", "lesson_number": 9, "estimated_time": 30, "is_published": true, "created_at": "2025-06-12T08:07:00.953Z", "updated_at": "2025-06-12T08:20:38.521Z"}}, {"model": "courses.lesson", "pk": 43, "fields": {"course": 32, "title": "Adkeynta Shaqooyinka Hash-ka", "slug": "adkeynta-shaqooyinka-hash-ka", "lesson_number": 10, "estimated_time": 30, "is_published": true, "created_at": "2025-06-13T11:06:38.430Z", "updated_at": "2025-06-13T11:06:38.430Z"}}, {"model": "courses.lesson", "pk": 44, "fields": {"course": 32, "title": "Silsilad-xogeed", "slug": "silsilad-xogeed", "lesson_number": 11, "estimated_time": 30, "is_published": true, "created_at": "2025-06-13T17:44:27.150Z", "updated_at": "2025-06-13T17:44:27.151Z"}}, {"model": "courses.lesson", "pk": 45, "fields": {"course": 32, "title": "Geedaha Merkle", "slug": "geedaha-merkle", "lesson_number": 12, "estimated_time": 30, "is_published": true, "created_at": "2025-06-14T07:21:31.939Z", "updated_at": "2025-06-14T07:22:36.798Z"}}, {"model": "courses.lesson", "pk": 42, "fields": {"course": 32, "title": "Soo-Bandhigidda ZooCash", "slug": "soo-bandhigidda-zoocash", "lesson_number": 13, "estimated_time": 30, "is_published": true, "created_at": "2025-06-12T13:52:58.803Z", "updated_at": "2025-06-12T13:52:58.803Z"}}, {"model": "courses.lesson", "pk": 47, "fields": {"course": 32, "title": "Maareynta Akoonka", "slug": "maareynta-akoonka", "lesson_number": 14, "estimated_time": 30, "is_published": true, "created_at": "2025-06-15T21:33:48.097Z", "updated_at": "2025-06-15T21:33:48.097Z"}}, {"model": "courses.lesson", "pk": 48, "fields": {"course": 32, "title": "Diiwaan-xisaabeedka Silsiladda Xogta", "slug": "diiwaan-xisaabeedka-silsiladda-xogta", "lesson_number": 15, "estimated_time": 30, "is_published": true, "created_at": "2025-06-16T13:46:56.697Z", "updated_at": "2025-06-16T13:46:56.697Z"}}, {"model": "courses.lesson", "pk": 49, "fields": {"course": 32, "title": "Bixinta lacag laba-jeer", "slug": "bixinta-lacag-laba-jeer", "lesson_number": 16, "estimated_time": 30, "is_published": true, "created_at": "2025-06-17T11:15:02.938Z", "updated_at": "2025-06-17T11:15:02.938Z"}}, {"model": "courses.lesson", "pk": 50, "fields": {"course": 32, "title": "Caddeynta Shaqada", "slug": "caddeynta-shaqada", "lesson_number": 17, "estimated_time": 30, "is_published": true, "created_at": "2025-06-17T18:37:25.416Z", "updated_at": "2025-06-17T18:37:25.416Z"}}, {"model": "courses.lesson", "pk": 51, "fields": {"course": 32, "title": "Adkeysiga ZooCash", "slug": "adkeysiga-zoocash", "lesson_number": 18, "estimated_time": 30, "is_published": true, "created_at": "2025-06-18T15:43:57.986Z", "updated_at": "2025-06-18T15:43:57.986Z"}}, {"model": "courses.lesson", "pk": 52, "fields": {"course": 32, "title": "Qandaraasyada Casriga ah", "slug": "qandaraasyada-casriga-ah", "lesson_number": 19, "estimated_time": 30, "is_published": true, "created_at": "2025-06-20T08:18:36.554Z", "updated_at": "2025-06-20T08:18:36.554Z"}}]