[{"model": "courses.userreward", "pk": 7, "fields": {"user": 41, "reward_type": "badge", "reward_name": "Course Completed: Xallinta isla'egyada", "value": 1, "awarded_at": "2025-06-19T22:43:58.275Z", "lesson": null, "course": 34, "challenge": null, "achievement": null}}, {"model": "courses.userreward", "pk": 6, "fields": {"user": 41, "reward_type": "badge", "reward_name": "Course Completed: Xallinta isla'egyada", "value": 1, "awarded_at": "2025-06-19T11:47:03.672Z", "lesson": null, "course": 34, "challenge": null, "achievement": null}}, {"model": "courses.userreward", "pk": 5, "fields": {"user": 41, "reward_type": "badge", "reward_name": "Course Completed: Xallinta isla'egyada", "value": 1, "awarded_at": "2025-06-17T12:05:37.980Z", "lesson": null, "course": 34, "challenge": null, "achievement": null}}, {"model": "courses.userreward", "pk": 4, "fields": {"user": 41, "reward_type": "badge", "reward_name": "Course Completed: Xallinta isla'egyada", "value": 1, "awarded_at": "2025-06-16T10:14:08.553Z", "lesson": null, "course": 34, "challenge": null, "achievement": null}}, {"model": "courses.userreward", "pk": 3, "fields": {"user": 41, "reward_type": "badge", "reward_name": "Course Completed: Xallinta isla'egyada", "value": 1, "awarded_at": "2025-06-15T05:44:04.079Z", "lesson": null, "course": 34, "challenge": null, "achievement": null}}]