[{"model": "courses.userprogress", "pk": 2, "fields": {"user": 49, "lesson": 31, "status": "completed", "score": null, "last_visited_at": "2025-06-03T01:18:09.198Z", "completed_at": "2025-06-03T01:18:09.128Z", "problems_solved": 0, "total_xp_earned": 0, "streak_updated": false}}, {"model": "courses.userprogress", "pk": 3, "fields": {"user": 48, "lesson": 31, "status": "completed", "score": null, "last_visited_at": "2025-06-03T07:09:50.606Z", "completed_at": "2025-06-03T07:09:50.528Z", "problems_solved": 0, "total_xp_earned": 0, "streak_updated": false}}, {"model": "courses.userprogress", "pk": 14, "fields": {"user": 41, "lesson": 42, "status": "completed", "score": 0, "last_visited_at": "2025-06-15T21:45:56.977Z", "completed_at": "2025-06-15T21:45:56.977Z", "problems_solved": 0, "total_xp_earned": 0, "streak_updated": false}}, {"model": "courses.userprogress", "pk": 19, "fields": {"user": 41, "lesson": 47, "status": "completed", "score": 0, "last_visited_at": "2025-06-16T11:18:40.770Z", "completed_at": "2025-06-16T11:18:40.770Z", "problems_solved": 0, "total_xp_earned": 0, "streak_updated": false}}, {"model": "courses.userprogress", "pk": 4, "fields": {"user": 42, "lesson": 31, "status": "completed", "score": null, "last_visited_at": "2025-06-04T07:29:33.681Z", "completed_at": "2025-06-04T07:29:33.474Z", "problems_solved": 0, "total_xp_earned": 0, "streak_updated": false}}, {"model": "courses.userprogress", "pk": 1, "fields": {"user": 41, "lesson": 31, "status": "completed", "score": 0, "last_visited_at": "2025-06-17T12:01:51.430Z", "completed_at": "2025-06-17T12:01:51.430Z", "problems_solved": 5, "total_xp_earned": 0, "streak_updated": false}}, {"model": "courses.userprogress", "pk": 5, "fields": {"user": 41, "lesson": 35, "status": "completed", "score": null, "last_visited_at": "2025-06-08T15:07:39.289Z", "completed_at": "2025-06-08T15:07:39.099Z", "problems_solved": 0, "total_xp_earned": 0, "streak_updated": false}}, {"model": "courses.userprogress", "pk": 6, "fields": {"user": 41, "lesson": 36, "status": "completed", "score": null, "last_visited_at": "2025-06-09T07:48:46.981Z", "completed_at": "2025-06-09T07:48:46.760Z", "problems_solved": 0, "total_xp_earned": 0, "streak_updated": false}}, {"model": "courses.userprogress", "pk": 7, "fields": {"user": 41, "lesson": 37, "status": "completed", "score": null, "last_visited_at": "2025-06-09T20:54:47.275Z", "completed_at": "2025-06-09T20:54:47.204Z", "problems_solved": 0, "total_xp_earned": 0, "streak_updated": false}}, {"model": "courses.userprogress", "pk": 20, "fields": {"user": 41, "lesson": 49, "status": "completed", "score": 0, "last_visited_at": "2025-06-17T18:48:06.033Z", "completed_at": "2025-06-17T18:48:06.033Z", "problems_solved": 0, "total_xp_earned": 0, "streak_updated": false}}, {"model": "courses.userprogress", "pk": 8, "fields": {"user": 41, "lesson": 38, "status": "completed", "score": null, "last_visited_at": "2025-06-11T16:34:53.365Z", "completed_at": "2025-06-11T16:34:53.164Z", "problems_solved": 0, "total_xp_earned": 0, "streak_updated": false}}, {"model": "courses.userprogress", "pk": 9, "fields": {"user": 41, "lesson": 39, "status": "completed", "score": null, "last_visited_at": "2025-06-11T18:26:07.609Z", "completed_at": "2025-06-11T18:26:07.537Z", "problems_solved": 0, "total_xp_earned": 0, "streak_updated": false}}, {"model": "courses.userprogress", "pk": 21, "fields": {"user": 41, "lesson": 51, "status": "completed", "score": 0, "last_visited_at": "2025-06-19T19:29:13.512Z", "completed_at": "2025-06-19T19:29:13.512Z", "problems_solved": 0, "total_xp_earned": 0, "streak_updated": false}}, {"model": "courses.userprogress", "pk": 18, "fields": {"user": 41, "lesson": 46, "status": "completed", "score": 0, "last_visited_at": "2025-06-19T22:43:59.382Z", "completed_at": "2025-06-19T22:43:59.382Z", "problems_solved": 0, "total_xp_earned": 0, "streak_updated": false}}, {"model": "courses.userprogress", "pk": 10, "fields": {"user": 41, "lesson": 41, "status": "completed", "score": 0, "last_visited_at": "2025-06-12T14:09:04.452Z", "completed_at": "2025-06-12T14:09:04.452Z", "problems_solved": 0, "total_xp_earned": 0, "streak_updated": false}}, {"model": "courses.userprogress", "pk": 15, "fields": {"user": 41, "lesson": 34, "status": "completed", "score": 0, "last_visited_at": "2025-06-13T08:21:23.779Z", "completed_at": "2025-06-13T08:21:23.779Z", "problems_solved": 0, "total_xp_earned": 0, "streak_updated": false}}, {"model": "courses.userprogress", "pk": 16, "fields": {"user": 73, "lesson": 31, "status": "completed", "score": 0, "last_visited_at": "2025-06-14T08:26:06.785Z", "completed_at": "2025-06-14T08:26:06.785Z", "problems_solved": 0, "total_xp_earned": 0, "streak_updated": false}}, {"model": "courses.userprogress", "pk": 17, "fields": {"user": 41, "lesson": 45, "status": "completed", "score": 0, "last_visited_at": "2025-06-14T14:03:34.816Z", "completed_at": "2025-06-14T14:03:34.816Z", "problems_solved": 0, "total_xp_earned": 0, "streak_updated": false}}]