[{"model": "leagues.userleague", "pk": 3491, "fields": {"user": 41, "current_league": 1, "total_xp": 0, "weekly_xp": 0, "monthly_xp": 0, "last_activity": "2025-06-12T09:21:56.920Z"}}, {"model": "leagues.userleague", "pk": 3492, "fields": {"user": 73, "current_league": 1, "total_xp": 0, "weekly_xp": 0, "monthly_xp": 0, "last_activity": "2025-06-14T08:15:17.407Z"}}, {"model": "leagues.userleague", "pk": 3493, "fields": {"user": 74, "current_league": 1, "total_xp": 0, "weekly_xp": 0, "monthly_xp": 0, "last_activity": "2025-06-19T13:23:23.894Z"}}]