[{"model": "leagues.league", "pk": 1, "fields": {"name": "Beginner", "somali_name": "Billow", "description": "First level for new learners", "min_xp": 0, "order": 1, "icon": ""}}, {"model": "leagues.league", "pk": 2, "fields": {"name": "Intermediate", "somali_name": "Dhexe", "description": "For learners who have mastered the basics", "min_xp": 1000, "order": 2, "icon": ""}}, {"model": "leagues.league", "pk": 3, "fields": {"name": "Advanced", "somali_name": "Sare", "description": "For experienced learners", "min_xp": 5000, "order": 3, "icon": ""}}, {"model": "leagues.league", "pk": 4, "fields": {"name": "Iftiin", "somali_name": "Iftiin", "description": "Bringing light to others", "min_xp": 5000, "order": 4, "icon": ""}}, {"model": "leagues.league", "pk": 5, "fields": {"name": "Bir Adag", "somali_name": "Bir Adag", "description": "Strong and resilient in learning", "min_xp": 10000, "order": 5, "icon": ""}}, {"model": "leagues.league", "pk": 6, "fields": {"name": "Ugaas", "somali_name": "Ugaas", "description": "A leader in knowledge", "min_xp": 20000, "order": 6, "icon": ""}}, {"model": "leagues.league", "pk": 7, "fields": {"name": "Abwaan", "somali_name": "Abwaan", "description": "A scholar and poet of learning", "min_xp": 35000, "order": 7, "icon": ""}}, {"model": "leagues.league", "pk": 8, "fields": {"name": "Ilbax", "somali_name": "Ilbax", "description": "Civilized and cultured in knowledge", "min_xp": 50000, "order": 8, "icon": ""}}, {"model": "leagues.league", "pk": 9, "fields": {"name": "Guuleyste", "somali_name": "Guuleyste", "description": "An achiever in learning", "min_xp": 75000, "order": 9, "icon": ""}}, {"model": "leagues.league", "pk": 10, "fields": {"name": "Farsamo-yahan", "somali_name": "Farsamo-yahan", "description": "A genius in knowledge", "min_xp": 100000, "order": 10, "icon": ""}}]